cycle_length,anchor_type_low,confluence_count,rsi,macd_bullish,macd_bearish,volume_ratio,atr_norm,trend_uptrend,trend_downtrend,dist_support_pct,dist_resistance_pct,historical_reliability,tolerance_days,market_regime_bull,market_regime_bear,asset_stock,asset_index,asset_forex,asset_commodity,asset_crypto,reaction,reaction_type,symbol,anchor_date,landing_date
30.0,0.0,1.0,85.66606250051953,1.0,0.0,2.216579218762581,1.9353172415341353,1.0,0.0,13.481280134661253,0.27213795292326576,50.0,2.0,1.0,0.0,1.0,0.0,0.0,0.0,0.0,1,Major Top,RELIANCE,2021-08-05,2021-09-03
60.0,0.0,1.0,78.01482916531236,1.0,0.0,0.7349906730306182,1.9247697110796573,1.0,0.0,7.438927703478767,0.7315653741934558,50.0,2.0,1.0,0.0,1.0,0.0,0.0,0.0,0.0,1,Major Top,RELIANCE,2021-08-05,2021-10-04
90.0,0.0,1.0,24.630935188492217,0.0,1.0,1.0058106488969143,2.6979846204372366,0.0,0.0,0.9099724533162765,10.78071280432748,50.0,2.0,0.0,1.0,1.0,0.0,0.0,0.0,0.0,1,Major Top,RELIANCE,2021-08-05,2021-11-03
120.0,0.0,1.0,37.568059918467675,0.0,1.0,1.1820346179526287,3.332146005474529,0.0,1.0,4.121266866751382,8.053544625984701,50.0,2.0,0.0,1.0,1.0,0.0,0.0,0.0,0.0,1,Major Top,RELIANCE,2021-08-05,2021-12-03
180.0,0.0,1.0,39.68595136984815,0.0,1.0,0.9350728114892727,2.5672756044594505,0.0,0.0,3.0983578514492236,7.9287018916140735,50.0,2.0,0.0,1.0,1.0,0.0,0.0,0.0,0.0,1,Major Top,RELIANCE,2021-08-05,2022-02-01
240.0,0.0,1.0,77.16396558372368,1.0,0.0,0.5454425722351544,2.123614583435907,1.0,0.0,17.917057833221715,1.2105523560554223,50.0,2.0,1.0,0.0,1.0,0.0,0.0,0.0,0.0,1,Major Top,RELIANCE,2021-08-05,2022-04-01
270.0,0.0,1.0,64.67756299313719,1.0,0.0,0.621579745991437,2.590024344747116,1.0,0.0,9.302449621614672,2.7225812858287934,50.0,2.0,1.0,0.0,1.0,0.0,0.0,0.0,0.0,1,Major Top,RELIANCE,2021-08-05,2022-05-02
360.0,0.0,1.0,61.20789131365118,1.0,0.0,0.8774007439257007,1.9995851934686115,0.0,0.0,5.712413137444539,1.317027114255521,50.0,2.0,0.0,1.0,1.0,0.0,0.0,0.0,0.0,1,Major Top,RELIANCE,2021-08-05,2022-07-29
30.0,0.0,1.0,35.31621106900633,0.0,1.0,1.165864837229799,2.4310492253126386,0.0,0.0,3.004557234614007,8.033176682620583,100.0,2.0,0.0,1.0,1.0,0.0,0.0,0.0,0.0,1,Lower High,RELIANCE,2022-01-14,2022-02-11
60.0,0.0,1.0,48.115389524335505,1.0,0.0,1.0963777260412684,3.1613912750967845,0.0,0.0,7.761963611518141,3.9328169479818693,100.0,2.0,0.0,1.0,1.0,0.0,0.0,0.0,0.0,1,Lower High,RELIANCE,2022-01-14,2022-03-15
90.0,0.0,1.0,46.240620126180794,0.0,1.0,0.7894159758842781,1.891494034092164,0.0,0.0,6.840661916526149,5.3436230006744925,100.0,2.0,1.0,0.0,1.0,0.0,0.0,0.0,0.0,0,Pullback,RELIANCE,2022-01-14,2022-04-13
120.0,0.0,1.0,23.89597715414598,0.0,1.0,1.071585379098567,3.377302336629416,0.0,0.0,2.332491506876553,17.701711972496714,100.0,2.0,0.0,1.0,1.0,0.0,0.0,0.0,0.0,1,Lower High,RELIANCE,2022-01-14,2022-05-13
180.0,0.0,1.0,40.976669302683554,0.0,1.0,0.6652504176069105,2.908457053888345,0.0,1.0,0.5278481468910061,11.839908060382939,100.0,2.0,0.0,1.0,1.0,0.0,0.0,0.0,0.0,1,Lower High,RELIANCE,2022-01-14,2022-07-13
240.0,0.0,1.0,43.55372633287672,0.0,1.0,0.7557860064255514,1.9311827009652436,0.0,0.0,1.6969561865533038,3.9193650567178837,100.0,2.0,1.0,0.0,1.0,0.0,0.0,0.0,0.0,0,Pullback,RELIANCE,2022-01-14,2022-09-09
270.0,0.0,1.0,33.03289818348996,0.0,1.0,0.8030149735670238,2.290625395695542,0.0,1.0,1.98906163642701,11.527207303902047,100.0,2.0,0.0,1.0,1.0,0.0,0.0,0.0,0.0,1,Lower High,RELIANCE,2022-01-14,2022-10-11
360.0,0.0,1.0,46.33100513947873,1.0,0.0,1.276944014307628,1.6562967131442674,0.0,0.0,4.026099386343308,1.6231591522580893,100.0,2.0,1.0,0.0,1.0,0.0,0.0,0.0,0.0,0,Pullback,RELIANCE,2022-01-14,2023-01-09
30.0,1.0,1.0,64.61741987569319,1.0,0.0,0.5131382009598485,1.9796886299641423,0.0,0.0,5.517156945855729,4.506413348922786,100.0,2.0,0.0,1.0,1.0,0.0,0.0,0.0,0.0,0,Pullback,RELIANCE,2022-06-23,2022-07-22
60.0,1.0,1.0,64.66967586165087,1.0,0.0,0.8053172562136881,1.815487578941797,1.0,0.0,8.148989677023234,2.3939288294218968,100.0,2.0,1.0,0.0,1.0,0.0,0.0,0.0,0.0,1,Higher Low,RELIANCE,2022-06-23,2022-08-22
90.0,1.0,1.0,41.899880564696986,0.0,1.0,0.7980561298322586,1.7044959226466114,0.0,0.0,1.1315826781362366,6.385102596212379,50.0,2.0,0.0,1.0,1.0,0.0,0.0,0.0,0.0,0,No Reaction,RELIANCE,2022-06-23,2022-09-21
120.0,1.0,1.0,63.742820726660476,1.0,0.0,0.7013865570236866,1.9943672840905775,0.0,0.0,6.497819173661572,2.27584998196501,100.0,2.0,0.0,1.0,1.0,0.0,0.0,0.0,0.0,0,Pullback,RELIANCE,2022-06-23,2022-10-21
180.0,1.0,1.0,29.656505953052047,0.0,1.0,0.649121890337497,1.6298769920083052,0.0,0.0,4.569379107622217,5.080460217357941,100.0,2.0,1.0,0.0,1.0,0.0,0.0,0.0,0.0,1,Higher Low,RELIANCE,2022-06-23,2022-12-20
240.0,1.0,1.0,65.38532278830237,1.0,0.0,0.6843881688503033,1.8518696059365962,0.0,0.0,6.032288191587593,1.4261180549406738,50.0,2.0,0.0,1.0,1.0,0.0,0.0,0.0,0.0,0,Pullback,RELIANCE,2022-06-23,2023-02-17
270.0,1.0,1.0,28.744573491699754,0.0,1.0,1.3054054091368916,2.1552685314603472,0.0,1.0,0.9653618836344765,11.289053532287081,100.0,2.0,0.0,1.0,1.0,0.0,0.0,0.0,0.0,1,Major Bottom,RELIANCE,2022-06-23,2023-03-20
360.0,1.0,1.0,62.735576297567015,1.0,0.0,2.029754074577438,1.2124656172065504,1.0,0.0,6.260177799187895,0.19399359779051734,50.0,2.0,1.0,0.0,1.0,0.0,0.0,0.0,0.0,1,Higher Low,RELIANCE,2022-06-23,2023-06-16
30.0,0.0,1.0,63.7025817286554,1.0,0.0,0.5398991852335168,1.6411781489053792,1.0,0.0,6.34611929337783,1.7073177118366196,66.66666666666666,2.0,1.0,0.0,1.0,0.0,0.0,0.0,0.0,0,Pullback,RELIANCE,2022-10-19,2022-11-18
60.0,0.0,1.0,20.03357341348608,0.0,1.0,1.389930003072005,1.6279955586225698,0.0,0.0,2.47893554146235,7.382287135556677,100.0,2.0,1.0,0.0,1.0,0.0,0.0,0.0,0.0,0,No Reaction,RELIANCE,2022-10-19,2022-12-16
90.0,0.0,1.0,41.025275658333506,0.0,1.0,1.1034749196039335,1.7067582135603043,0.0,1.0,2.0897316451611454,6.220739735710546,33.33333333333333,2.0,0.0,1.0,1.0,0.0,0.0,0.0,0.0,0,No Reaction,RELIANCE,2022-10-19,2023-01-17
120.0,0.0,1.0,66.93462266299184,1.0,0.0,1.0001374512970291,1.9595431966586414,0.0,0.0,5.639802121496437,2.1028406382762577,66.66666666666666,2.0,0.0,1.0,1.0,0.0,0.0,0.0,0.0,1,Lower High,RELIANCE,2022-10-19,2023-02-16
180.0,0.0,1.0,64.7267927565112,1.0,0.0,1.0388966441747796,1.8013651091002985,0.0,0.0,7.917798980994223,2.428774947077766,100.0,2.0,1.0,0.0,1.0,0.0,0.0,0.0,0.0,1,Lower High,RELIANCE,2022-10-19,2023-04-17
240.0,0.0,1.0,62.735576297567015,1.0,0.0,2.029754074577438,1.2124656172065504,1.0,0.0,6.260177799187895,0.19399359779051734,33.33333333333333,2.0,1.0,0.0,1.0,0.0,0.0,0.0,0.0,0,Pullback,RELIANCE,2022-10-19,2023-06-16
270.0,0.0,1.0,78.8827908388684,1.0,0.0,1.125541242487094,1.7602390663188912,1.0,0.0,9.26953462761769,2.2366453134501576,100.0,2.0,1.0,0.0,1.0,0.0,0.0,0.0,0.0,1,Major Top,RELIANCE,2022-10-19,2023-07-14
360.0,0.0,1.0,48.54722380352133,1.0,0.0,0.7264050031673135,1.1737543915612785,0.0,1.0,2.3113345852169926,5.052565574242944,66.66666666666666,2.0,0.0,1.0,1.0,0.0,0.0,0.0,0.0,0,Pullback,RELIANCE,2022-10-19,2023-10-13
30.0,1.0,1.0,77.14504575237761,1.0,0.0,0.7489507261942878,1.7863199993338166,0.0,0.0,7.312935170580139,3.1016026860427437,50.0,2.0,1.0,0.0,1.0,0.0,0.0,0.0,0.0,1,Higher Low,RELIANCE,2023-03-20,2023-04-19
60.0,1.0,1.0,54.900521452210036,0.0,1.0,0.8586009243397602,1.29945950894659,1.0,0.0,4.322359010739291,2.7662420419163714,75.0,2.0,1.0,0.0,1.0,0.0,0.0,0.0,0.0,1,Higher Low,RELIANCE,2023-03-20,2023-05-19
90.0,1.0,1.0,62.735576297567015,1.0,0.0,2.029754074577438,1.2124656172065504,1.0,0.0,6.260177799187895,0.19399359779051734,25.0,2.0,1.0,0.0,1.0,0.0,0.0,0.0,0.0,1,Higher Low,RELIANCE,2023-03-20,2023-06-16
120.0,1.0,1.0,85.93610609375214,1.0,0.0,1.8097788070497627,1.918008426583112,1.0,0.0,11.834994282930705,0.6027377630260484,75.0,2.0,1.0,0.0,1.0,0.0,0.0,0.0,0.0,1,Higher Low,RELIANCE,2023-03-20,2023-07-18
180.0,1.0,1.0,54.32518713221585,1.0,0.0,1.7923822554931406,1.1467639836854855,0.0,0.0,2.3577574749982655,3.970936889450848,100.0,2.0,0.0,1.0,1.0,0.0,0.0,0.0,0.0,1,Higher Low,RELIANCE,2023-03-20,2023-09-15
240.0,1.0,1.0,66.7917397827704,1.0,0.0,1.1783489267941432,1.354186548613639,0.0,0.0,5.777758479388078,0.44771206766450533,25.0,2.0,1.0,0.0,1.0,0.0,0.0,0.0,0.0,1,Higher Low,RELIANCE,2023-03-20,2023-11-15
270.0,1.0,1.0,72.15681165848795,1.0,0.0,1.3522542211644661,1.218574707684464,1.0,0.0,6.379234238714433,0.17630638610257318,100.0,2.0,1.0,0.0,1.0,0.0,0.0,0.0,0.0,1,Higher Low,RELIANCE,2023-03-20,2023-12-15
360.0,1.0,1.0,37.482936660020755,0.0,1.0,1.6284744689997548,1.9257092228769326,0.0,0.0,0.41739993278553533,5.656744015781232,50.0,2.0,1.0,0.0,1.0,0.0,0.0,0.0,0.0,1,Higher Low,RELIANCE,2023-03-20,2024-03-14
30.0,0.0,1.0,54.32518713221585,1.0,0.0,1.7923822554931406,1.1467639836854855,0.0,0.0,2.3577574749982655,3.970936889450848,60.0,2.0,0.0,1.0,1.0,0.0,0.0,0.0,0.0,1,Lower High,RELIANCE,2023-08-16,2023-09-15
60.0,0.0,1.0,48.54722380352133,1.0,0.0,0.7264050031673135,1.1737543915612785,0.0,1.0,2.3113345852169926,5.052565574242944,80.0,2.0,0.0,1.0,1.0,0.0,0.0,0.0,0.0,1,Lower High,RELIANCE,2023-08-16,2023-10-13
90.0,0.0,1.0,60.011762293859064,1.0,0.0,0.38331862298402253,1.3504350281080162,0.0,0.0,4.074148525359962,2.263883274973223,40.0,2.0,0.0,1.0,1.0,0.0,0.0,0.0,0.0,1,Lower High,RELIANCE,2023-08-16,2023-11-13
120.0,0.0,1.0,67.19247548033786,1.0,0.0,1.4578481850280327,1.163688714979135,1.0,0.0,5.184343211124319,0.5093057360466627,80.0,2.0,1.0,0.0,1.0,0.0,0.0,0.0,0.0,1,Lower High,RELIANCE,2023-08-16,2023-12-14
180.0,0.0,1.0,63.26147340827699,1.0,0.0,0.5007465624732772,2.55324970861288,1.0,0.0,8.937234295516,1.5526527374827526,100.0,2.0,1.0,0.0,1.0,0.0,0.0,0.0,0.0,1,Major Top,RELIANCE,2023-08-16,2024-02-12
240.0,0.0,1.0,56.16926834130132,0.0,1.0,1.283270734151763,1.5898182667621104,0.0,0.0,3.697642434369508,2.644580957612273,40.0,2.0,1.0,0.0,1.0,0.0,0.0,0.0,0.0,1,Major Top,RELIANCE,2023-08-16,2024-04-12
270.0,0.0,1.0,33.620673518509065,0.0,1.0,0.8547373377922904,1.8548297264147664,0.0,1.0,1.3748581263607325,6.115775754117108,100.0,2.0,0.0,1.0,1.0,0.0,0.0,0.0,0.0,1,Major Top,RELIANCE,2023-08-16,2024-05-10
360.0,0.0,1.0,43.486880039538356,0.0,1.0,0.5529535430887814,1.7522850121121134,0.0,0.0,2.784384478951487,8.922872687927894,60.0,2.0,0.0,1.0,1.0,0.0,0.0,0.0,0.0,1,Major Top,RELIANCE,2023-08-16,2024-08-09
30.0,1.0,1.0,57.76561192324661,0.0,1.0,1.5496514833334014,1.6495926963686354,1.0,0.0,9.890329627452822,0.45723586346703415,66.66666666666666,2.0,1.0,0.0,1.0,0.0,0.0,0.0,0.0,1,Higher Low,RELIANCE,2024-01-23,2024-02-22
60.0,1.0,1.0,40.38615328960216,0.0,1.0,1.6209758619995238,1.7033319824212974,0.0,0.0,2.8951402999316165,3.946657644197746,83.33333333333334,2.0,1.0,0.0,1.0,0.0,0.0,0.0,0.0,1,Higher Low,RELIANCE,2024-01-23,2024-03-22
90.0,1.0,1.0,47.634964368880695,0.0,1.0,0.8590612629691098,1.5768968515010109,1.0,0.0,3.7723370092399797,1.76369636172321,50.0,2.0,1.0,0.0,1.0,0.0,0.0,0.0,0.0,1,Higher Low,RELIANCE,2024-01-23,2024-04-22
120.0,1.0,1.0,48.33422457293419,1.0,0.0,0.9282325881862822,1.875875883749702,0.0,0.0,5.247670500324098,2.248994054689197,83.33333333333334,2.0,1.0,0.0,1.0,0.0,0.0,0.0,0.0,1,Higher Low,RELIANCE,2024-01-23,2024-05-22
180.0,1.0,1.0,47.00732307146253,0.0,1.0,1.015894944180085,1.8810773537133483,1.0,0.0,7.565196222220627,3.449827431352328,100.0,2.0,1.0,0.0,1.0,0.0,0.0,0.0,0.0,1,Higher Low,RELIANCE,2024-01-23,2024-07-19
240.0,1.0,1.0,35.20375683795217,0.0,1.0,1.2058094865753572,1.4626657327780361,0.0,1.0,1.6194157344468088,4.766355531137296,50.0,2.0,0.0,1.0,1.0,0.0,0.0,0.0,0.0,1,Higher Low,RELIANCE,2024-01-23,2024-09-19
270.0,1.0,1.0,17.101993974482326,0.0,1.0,0.6054553828797794,2.2032084699550776,0.0,1.0,1.5945697155060858,12.813581021458145,100.0,2.0,0.0,1.0,1.0,0.0,0.0,0.0,0.0,0,No Reaction,RELIANCE,2024-01-23,2024-10-18
360.0,1.0,1.0,71.67180922889517,1.0,0.0,2.3370265076040386,2.0361538516967634,0.0,0.0,7.74368383056491,1.8159500024885515,66.66666666666666,2.0,1.0,0.0,1.0,0.0,0.0,0.0,0.0,1,Major Bottom,RELIANCE,2024-01-23,2025-01-17
30.0,1.0,1.0,37.29707028699545,0.0,1.0,0.9120574084605412,2.2389189135046816,0.0,0.0,3.3813666478607454,7.561681682054242,71.42857142857143,2.0,1.0,0.0,1.0,0.0,0.0,0.0,0.0,1,Higher Low,RELIANCE,2024-06-24,2024-07-24
60.0,1.0,1.0,51.6578642056879,1.0,0.0,0.9704812725308933,1.500989492811291,0.0,0.0,4.7716146734255105,1.4905755962270986,85.71428571428571,2.0,0.0,1.0,1.0,0.0,0.0,0.0,0.0,1,Higher Low,RELIANCE,2024-06-24,2024-08-23
90.0,1.0,1.0,39.516033600453596,0.0,1.0,2.0402047779942833,1.4714256247634474,0.0,1.0,2.6952989352130787,3.620637981654076,57.14285714285714,2.0,0.0,1.0,1.0,0.0,0.0,0.0,0.0,0,No Reaction,RELIANCE,2024-06-24,2024-09-20
120.0,1.0,1.0,23.36364677016647,0.0,1.0,0.813377780218922,2.097235513764791,0.0,1.0,0.4261783964141215,14.153043776308976,85.71428571428571,2.0,0.0,1.0,1.0,0.0,0.0,0.0,0.0,1,Major Bottom,RELIANCE,2024-06-24,2024-10-22
180.0,1.0,1.0,23.255232874488385,0.0,1.0,1.2876465773216157,1.8214185975413375,0.0,1.0,0.3152782439376438,10.341802480062071,100.0,2.0,0.0,1.0,1.0,0.0,0.0,0.0,0.0,1,Major Bottom,RELIANCE,2024-06-24,2024-12-20
240.0,1.0,1.0,37.075140179331484,0.0,1.0,0.6381823370832779,1.957019399260633,0.0,1.0,2.7781106827507633,5.136676030615233,57.14285714285714,2.0,0.0,1.0,1.0,0.0,0.0,0.0,0.0,1,Major Bottom,RELIANCE,2024-06-24,2025-02-19
270.0,1.0,1.0,67.99620833909677,1.0,0.0,1.7360073156176745,1.8610545775868446,0.0,0.0,9.4292366962093,0.3643220513972223,85.71428571428571,2.0,1.0,0.0,1.0,0.0,0.0,0.0,0.0,1,Major Bottom,RELIANCE,2024-06-24,2025-03-21
360.0,1.0,1.0,55.11554574896483,0.0,1.0,1.08225228427498,1.4835891436427247,1.0,0.0,2.630305038454709,2.4628355963216526,71.42857142857143,2.0,1.0,0.0,1.0,0.0,0.0,0.0,0.0,0,No Reaction,RELIANCE,2024-06-24,2025-06-19
30.0,1.0,1.0,71.67180922889517,1.0,0.0,2.3370265076040386,2.0361538516967634,0.0,0.0,7.74368383056491,1.8159500024885515,75.0,2.0,1.0,0.0,1.0,0.0,0.0,0.0,0.0,1,Higher Low,RELIANCE,2024-12-20,2025-01-17
60.0,1.0,1.0,41.11792015149874,0.0,1.0,0.6762908035963336,1.9766144771611256,0.0,1.0,2.615483658405435,5.312542441898645,87.5,2.0,0.0,1.0,1.0,0.0,0.0,0.0,0.0,0,No Reaction,RELIANCE,2024-12-20,2025-02-18
90.0,1.0,1.0,64.65861117526366,1.0,0.0,1.3571607593500217,1.9402740258922444,0.0,0.0,8.915415386633724,0.30335070810206777,50.0,2.0,1.0,0.0,1.0,0.0,0.0,0.0,0.0,1,Higher Low,RELIANCE,2024-12-20,2025-03-20
120.0,1.0,1.0,47.72302729274413,1.0,0.0,1.096178576322861,2.5715963259887062,1.0,0.0,12.526484724496548,2.6049395381400426,87.5,2.0,1.0,0.0,1.0,0.0,0.0,0.0,0.0,1,Higher Low,RELIANCE,2024-12-20,2025-04-17
180.0,1.0,1.0,55.0783990369658,0.0,1.0,0.7143923985591388,1.5203729098005043,1.0,0.0,2.4124212628099673,2.692116272324694,100.0,2.0,1.0,0.0,1.0,0.0,0.0,0.0,0.0,1,Higher Low,RELIANCE,2024-12-20,2025-06-18
240.0,1.0,1.0,46.05716922764053,0.0,1.0,0.6530566431096858,1.7102126738710446,0.0,1.0,1.3113246179012001,7.649840041874468,62.5,2.0,0.0,1.0,1.0,0.0,0.0,0.0,0.0,1,Higher Low,RELIANCE,2024-12-20,2025-08-14
270.0,1.0,1.0,58.82351693117202,1.0,0.0,0.8892442401394839,1.4018367429240166,0.0,0.0,4.604003312545739,1.892834170700249,87.5,2.0,0.0,1.0,1.0,0.0,0.0,0.0,0.0,1,Higher Low,RELIANCE,2024-12-20,2025-09-16
360.0,1.0,1.0,56.81253848148028,0.0,1.0,0.5616269941998646,1.406817252451421,1.0,0.0,2.936640892102574,1.6129098341400243,62.5,2.0,1.0,0.0,1.0,0.0,0.0,0.0,0.0,1,Higher Low,RELIANCE,2024-12-20,2025-12-15
30.0,0.0,1.0,39.564903329056186,0.0,1.0,0.7839899345395951,1.4275675333998195,1.0,0.0,3.4422153570995144,2.6624559247766624,77.77777777777779,2.0,1.0,0.0,1.0,0.0,0.0,0.0,0.0,0,Pullback,RELIANCE,2025-05-05,2025-06-04
60.0,0.0,1.0,73.99465382210788,1.0,0.0,0.6416705879323484,1.6256529545606562,1.0,0.0,7.398684066832854,0.301180846484915,77.77777777777779,2.0,1.0,0.0,1.0,0.0,0.0,0.0,0.0,1,Major Top,RELIANCE,2025-05-05,2025-07-04
90.0,0.0,1.0,25.463512159033144,0.0,1.0,0.9278937621768305,1.6974358347025158,0.0,1.0,0.8251460394280529,11.286503257206395,55.55555555555556,2.0,0.0,1.0,1.0,0.0,0.0,0.0,0.0,0,Pullback,RELIANCE,2025-05-05,2025-08-01
120.0,0.0,1.0,45.79729164123402,0.0,1.0,1.1426228102723435,1.7758457823527012,0.0,1.0,1.895355289710501,4.785951632660184,88.88888888888889,2.0,0.0,1.0,1.0,0.0,0.0,0.0,0.0,1,Lower High,RELIANCE,2025-05-05,2025-09-02
180.0,0.0,1.0,77.02642128695194,1.0,0.0,0.7390330579688182,1.5713885978725688,1.0,0.0,8.712327606282992,1.4733525382145434,100.0,2.0,1.0,0.0,1.0,0.0,0.0,0.0,0.0,0,No Reaction,RELIANCE,2025-05-05,2025-10-31
240.0,0.0,1.0,62.39823173526862,0.0,1.0,0.7070217071183007,1.13574247160216,1.0,0.0,3.362203974932813,0.6686140089976611,66.66666666666666,2.0,1.0,0.0,1.0,0.0,0.0,0.0,0.0,1,Major Top,RELIANCE,2025-05-05,2025-12-31
270.0,0.0,1.0,26.5137756886042,0.0,1.0,0.8244726226362531,1.993797203835086,0.0,1.0,1.9635943580095918,15.508101631444646,88.88888888888889,2.0,0.0,1.0,1.0,0.0,0.0,0.0,0.0,1,Lower High,RELIANCE,2025-05-05,2026-01-30
360.0,0.0,1.0,69.04764773876474,1.0,0.0,1.3784542809277158,2.1631271444343105,0.0,0.0,9.840653561746612,0.4333205871045979,66.66666666666666,2.0,1.0,0.0,1.0,0.0,0.0,0.0,0.0,0,Pullback,RELIANCE,2025-05-05,2026-04-30
30.0,0.0,1.0,65.26483484891753,1.0,0.0,1.7307121995853645,1.2578638152034094,0.0,0.0,4.227841372595169,0.45878033427344644,70.0,2.0,1.0,0.0,1.0,0.0,0.0,0.0,0.0,0,No Reaction,RELIANCE,2025-09-18,2025-10-17
60.0,0.0,1.0,62.66673812802726,1.0,0.0,0.5181637480792576,1.3120865158359518,1.0,0.0,7.850888488033204,0.42151456663310066,80.0,2.0,1.0,0.0,1.0,0.0,0.0,0.0,0.0,1,Major Top,RELIANCE,2025-09-18,2025-11-17
90.0,0.0,1.0,40.537906150412915,0.0,1.0,0.6851254324899124,1.309802834199739,0.0,0.0,1.7353031400046193,2.3892782572930633,50.0,2.0,1.0,0.0,1.0,0.0,0.0,0.0,0.0,1,Major Top,RELIANCE,2025-09-18,2025-12-17
120.0,0.0,1.0,30.926497086960183,0.0,1.0,1.748415119639252,2.017578786942524,0.0,1.0,1.2140806003469262,10.556279354973228,90.0,2.0,0.0,1.0,1.0,0.0,0.0,0.0,0.0,0,Pullback,RELIANCE,2025-09-18,2026-01-16
180.0,0.0,1.0,43.596036421905694,1.0,0.0,1.110325703723225,2.6933943053009344,0.0,1.0,6.48253261909924,3.248433610471309,90.0,2.0,0.0,1.0,1.0,0.0,0.0,0.0,0.0,0,Pullback,RELIANCE,2025-09-18,2026-03-17
240.0,0.0,1.0,43.63637039310018,0.0,1.0,1.0330490313294578,2.345854512903995,0.0,0.0,1.900635272603346,10.251418743313748,70.0,2.0,0.0,1.0,1.0,0.0,0.0,0.0,0.0,1,Lower High,RELIANCE,2025-09-18,2026-05-15
30.0,0.0,1.0,41.80430390135204,1.0,0.0,1.0886342569925966,2.6404834792209466,0.0,1.0,5.337868363734112,5.069888673266393,63.63636363636363,2.0,0.0,1.0,1.0,0.0,0.0,0.0,0.0,1,Lower High,RELIANCE,2026-02-12,2026-03-13
60.0,0.0,1.0,39.00282303862668,0.0,1.0,1.3776842278157055,2.7531851326216805,0.0,1.0,1.908599230658849,8.774998263451046,81.81818181818183,2.0,0.0,1.0,1.0,0.0,0.0,0.0,0.0,1,Lower High,RELIANCE,2026-02-12,2026-04-13
90.0,0.0,1.0,53.00546160363405,0.0,1.0,0.701218439157811,2.4454346851962674,0.0,0.0,3.5178140210620517,8.43391205634827,54.54545454545454,2.0,0.0,1.0,1.0,0.0,0.0,0.0,0.0,1,Lower High,RELIANCE,2026-02-12,2026-05-13
30.0,1.0,1.0,48.932265198541316,1.0,0.0,0.7250189498940292,1.9332716479834402,1.0,0.0,4.168364991945742,5.680833884915815,50.0,2.0,1.0,0.0,1.0,0.0,0.0,0.0,0.0,1,Higher Low,INFY,2021-10-12,2021-11-11
60.0,1.0,1.0,49.975196453276546,1.0,0.0,0.3399926473825128,2.1829487745115053,1.0,0.0,5.121480523927013,2.8250874302640256,50.0,2.0,1.0,0.0,1.0,0.0,0.0,0.0,0.0,1,Higher Low,INFY,2021-10-12,2021-12-10
90.0,1.0,1.0,58.74082841411277,0.0,1.0,1.4799797375699062,1.7890427166915535,1.0,0.0,7.586120146969491,3.42023991242556,50.0,2.0,1.0,0.0,1.0,0.0,0.0,0.0,0.0,1,Higher Low,INFY,2021-10-12,2022-01-10
120.0,1.0,1.0,33.6360469867283,0.0,1.0,0.5719657487935105,2.5871432258087332,0.0,1.0,4.161646886205691,12.467621938910224,50.0,2.0,0.0,1.0,1.0,0.0,0.0,0.0,0.0,1,Higher Low,INFY,2021-10-12,2022-02-09
180.0,1.0,1.0,40.79474876990813,0.0,1.0,0.7949147414179732,1.8209452874352199,0.0,0.0,0.38851524135172477,5.9902921539662115,50.0,2.0,1.0,0.0,1.0,0.0,0.0,0.0,0.0,1,Higher Low,INFY,2021-10-12,2022-04-08
240.0,1.0,1.0,61.94380471440834,1.0,0.0,0.5178433608796578,2.5458696655527318,0.0,0.0,8.608138995823486,2.6402769441253224,50.0,2.0,0.0,1.0,1.0,0.0,0.0,0.0,0.0,1,Major Bottom,INFY,2021-10-12,2022-06-09
270.0,1.0,1.0,74.00663842309814,1.0,0.0,0.6312961465070563,2.0740654404602106,0.0,0.0,9.726303907178178,0.16507643570957956,50.0,2.0,1.0,0.0,1.0,0.0,0.0,0.0,0.0,1,Major Bottom,INFY,2021-10-12,2022-07-08
360.0,1.0,1.0,71.66228926210613,1.0,0.0,0.48372709491990135,2.020742837854518,0.0,0.0,6.628998099278515,7.014870193605496,50.0,2.0,0.0,1.0,1.0,0.0,0.0,0.0,0.0,1,Major Bottom,INFY,2021-10-12,2022-10-07
30.0,0.0,1.0,69.80750397988385,1.0,0.0,0.40052143679489105,2.808153306371781,1.0,0.0,11.273347609178552,2.4912653674460756,100.0,2.0,1.0,0.0,1.0,0.0,0.0,0.0,0.0,1,Major Top,INFY,2022-02-23,2022-03-25
60.0,0.0,1.0,14.634767489816994,0.0,1.0,1.0244708667850655,2.9599575507963927,0.0,0.0,2.2359521220989156,21.038201952559092,100.0,2.0,0.0,1.0,1.0,0.0,0.0,0.0,0.0,1,Lower High,INFY,2022-02-23,2022-04-22
90.0,0.0,1.0,37.87660552436115,0.0,1.0,0.7521318292397462,3.042275945130276,0.0,1.0,1.6203869199425667,11.158924475993075,100.0,2.0,0.0,1.0,1.0,0.0,0.0,0.0,0.0,1,Lower High,INFY,2022-02-23,2022-05-24
120.0,0.0,1.0,38.59704322348037,1.0,0.0,0.8620357980738652,2.5970880458634835,0.0,1.0,5.872838517293975,7.060495251592232,100.0,2.0,0.0,1.0,1.0,0.0,0.0,0.0,0.0,1,Lower High,INFY,2022-02-23,2022-06-23
180.0,0.0,1.0,56.00836963378715,0.0,1.0,0.7741961288890344,1.7423633682111443,1.0,0.0,8.291827537471818,3.5350317692617503,100.0,2.0,1.0,0.0,1.0,0.0,0.0,0.0,0.0,1,Lower High,INFY,2022-02-23,2022-08-22
240.0,0.0,1.0,66.30456836062416,1.0,0.0,0.530484747975931,2.126432649455087,0.0,0.0,9.696764873016852,0.6964132539334449,100.0,2.0,1.0,0.0,1.0,0.0,0.0,0.0,0.0,1,Lower High,INFY,2022-02-23,2022-10-21
270.0,0.0,1.0,65.38092996408281,1.0,0.0,0.7720556737064139,1.9226660325704539,1.0,0.0,8.481023936257232,0.9790497561451058,100.0,2.0,1.0,0.0,1.0,0.0,0.0,0.0,0.0,1,Lower High,INFY,2022-02-23,2022-11-18
360.0,0.0,1.0,58.51631412133709,1.0,0.0,0.511563608585155,1.902295571020267,1.0,0.0,4.823847033955024,2.269849612803713,100.0,2.0,1.0,0.0,1.0,0.0,0.0,0.0,0.0,1,Lower High,INFY,2022-02-23,2023-02-17
30.0,1.0,1.0,71.66228926210613,1.0,0.0,0.48372709491990135,2.020742837854518,0.0,0.0,6.628998099278515,7.014870193605496,100.0,2.0,0.0,1.0,1.0,0.0,0.0,0.0,0.0,0,Pullback,INFY,2022-09-07,2022-10-07
60.0,1.0,1.0,62.002383343092966,1.0,0.0,0.8797961538296462,1.65323553778285,1.0,0.0,7.644046503542209,4.029076806223362,100.0,2.0,1.0,0.0,1.0,0.0,0.0,0.0,0.0,1,Higher Low,INFY,2022-09-07,2022-11-04
90.0,1.0,1.0,52.38544561826319,0.0,1.0,1.0691470190164982,1.782502219850969,1.0,0.0,7.929802596839094,3.701411009943409,100.0,2.0,1.0,0.0,1.0,0.0,0.0,0.0,0.0,1,Higher Low,INFY,2022-09-07,2022-12-06
120.0,1.0,1.0,35.16425782658412,0.0,1.0,1.5724471249452252,1.682579487604013,0.0,1.0,0.4033318444152835,10.35793580880809,100.0,2.0,0.0,1.0,1.0,0.0,0.0,0.0,0.0,1,Higher Low,INFY,2022-09-07,2023-01-05
180.0,1.0,1.0,29.355148804012174,0.0,1.0,1.373159883990423,1.8050780769135935,0.0,0.0,2.663434537997322,7.449660342834743,100.0,2.0,0.0,1.0,1.0,0.0,0.0,0.0,0.0,1,Higher Low,INFY,2022-09-07,2023-03-06
240.0,1.0,1.0,24.389758162478117,1.0,0.0,0.5347892014635841,2.5085945696446474,0.0,1.0,5.861317316963266,13.890884381676313,100.0,2.0,0.0,1.0,1.0,0.0,0.0,0.0,0.0,1,Major Bottom,INFY,2022-09-07,2023-05-05
270.0,1.0,1.0,74.05386054617053,1.0,0.0,1.5085751527373241,1.443681617410014,0.0,0.0,5.880125875562322,1.2336181123860048,100.0,2.0,1.0,0.0,1.0,0.0,0.0,0.0,0.0,1,Major Bottom,INFY,2022-09-07,2023-06-02
360.0,1.0,1.0,73.9044825693697,1.0,0.0,0.7893817247352494,1.1979365920971656,1.0,0.0,5.668883743412843,0.14890912840096146,100.0,2.0,1.0,0.0,1.0,0.0,0.0,0.0,0.0,0,No Reaction,INFY,2022-09-07,2023-09-01
30.0,0.0,1.0,40.01635785227086,0.0,1.0,0.9116300408988657,1.7662510839343644,0.0,0.0,2.792271779731349,4.452842823305426,66.66666666666666,2.0,1.0,0.0,1.0,0.0,0.0,0.0,0.0,0,Pullback,INFY,2023-01-24,2023-02-23
60.0,0.0,1.0,25.38057388281399,0.0,1.0,1.147660195656151,2.105374221294458,0.0,1.0,0.7713868684594201,13.642110254485681,100.0,2.0,0.0,1.0,1.0,0.0,0.0,0.0,0.0,1,Lower High,INFY,2023-01-24,2023-03-24
90.0,0.0,1.0,26.67955422960378,0.0,1.0,0.8186029414707751,3.2289351266020194,0.0,1.0,3.3433918525049164,17.018668149328274,100.0,2.0,0.0,1.0,1.0,0.0,0.0,0.0,0.0,1,Lower High,INFY,2023-01-24,2023-04-24
120.0,0.0,1.0,58.69108291051269,1.0,0.0,0.6929777877732514,1.516410457009257,0.0,0.0,6.013923278128498,1.1935710505352375,100.0,2.0,0.0,1.0,1.0,0.0,0.0,0.0,0.0,1,Lower High,INFY,2023-01-24,2023-05-24
180.0,0.0,1.0,49.70672079744958,1.0,0.0,4.5446473314476625,3.00953741125638,0.0,0.0,5.208038730632679,12.556338838697076,100.0,2.0,1.0,0.0,1.0,0.0,0.0,0.0,0.0,1,Lower High,INFY,2023-01-24,2023-07-21
240.0,0.0,1.0,73.6954824552149,1.0,0.0,1.3467542135690693,1.3334465630347445,1.0,0.0,6.016302040226988,1.1087256692893583,100.0,2.0,1.0,0.0,1.0,0.0,0.0,0.0,0.0,0,No Reaction,INFY,2023-01-24,2023-09-21
270.0,0.0,1.0,47.431084910855326,0.0,1.0,0.6636851850284502,1.9442983261859337,0.0,0.0,1.9092675917395572,6.375899677890107,100.0,2.0,0.0,1.0,1.0,0.0,0.0,0.0,0.0,1,Lower High,INFY,2023-01-24,2023-10-20
360.0,0.0,1.0,64.92320731221378,1.0,0.0,0.601109403319967,2.2977923132184586,1.0,0.0,10.402583450709162,0.37970401479792687,66.66666666666666,2.0,1.0,0.0,1.0,0.0,0.0,0.0,0.0,1,Major Top,INFY,2023-01-24,2024-01-19
30.0,1.0,1.0,50.68326013592975,0.0,1.0,0.5322477717376812,3.026388853427362,0.0,0.0,5.000549531404677,11.116893629485597,50.0,2.0,1.0,0.0,1.0,0.0,0.0,0.0,0.0,1,Higher Low,INFY,2023-06-26,2023-07-26
60.0,1.0,1.0,62.87392198756448,1.0,0.0,0.8435781204159385,1.2436233186136514,1.0,0.0,6.115769150647347,0.34856406553612607,100.0,2.0,1.0,0.0,1.0,0.0,0.0,0.0,0.0,1,Higher Low,INFY,2023-06-26,2023-08-25
90.0,1.0,1.0,69.07368241798358,0.0,1.0,1.0807664901457898,1.3572951617321893,1.0,0.0,5.6645331436497735,1.4871626284121795,100.0,2.0,1.0,0.0,1.0,0.0,0.0,0.0,0.0,1,Higher Low,INFY,2023-06-26,2023-09-22
120.0,1.0,1.0,42.82885961829123,0.0,1.0,0.4562669091053389,2.0227067286405926,0.0,0.0,0.6140588035669603,7.7805073990265345,100.0,2.0,0.0,1.0,1.0,0.0,0.0,0.0,0.0,1,Higher Low,INFY,2023-06-26,2023-10-23
180.0,1.0,1.0,66.14251475750308,1.0,0.0,1.0402236524214261,2.320777805290761,1.0,0.0,8.692178768151699,1.925895957921303,100.0,2.0,1.0,0.0,1.0,0.0,0.0,0.0,0.0,1,Higher Low,INFY,2023-06-26,2023-12-22
240.0,1.0,1.0,49.71142633471691,0.0,1.0,0.8160915379548989,2.1160431363267818,0.0,0.0,1.2110896096696875,4.678190597012148,75.0,2.0,1.0,0.0,1.0,0.0,0.0,0.0,0.0,1,Higher Low,INFY,2023-06-26,2024-02-21
270.0,1.0,1.0,23.620927828975653,0.0,1.0,2.2147433281300413,2.335978443333008,0.0,1.0,0.7058371996146731,12.565856621226743,100.0,2.0,0.0,1.0,1.0,0.0,0.0,0.0,0.0,1,Higher Low,INFY,2023-06-26,2024-03-22
360.0,1.0,1.0,73.25048227358141,1.0,0.0,0.7847885965638381,2.138283647376264,1.0,0.0,10.363597126018922,1.6035358887798488,75.0,2.0,1.0,0.0,1.0,0.0,0.0,0.0,0.0,1,Higher Low,INFY,2023-06-26,2024-06-20
30.0,1.0,1.0,68.04713723622227,1.0,0.0,1.3096017492745182,1.2887939785330613,1.0,0.0,8.728159428150258,0.23806637157165705,60.0,2.0,1.0,0.0,1.0,0.0,0.0,0.0,0.0,1,Higher Low,INFY,2023-11-10,2023-12-08
60.0,1.0,1.0,44.059844365578094,0.0,1.0,0.6458267349267143,2.0415513795846025,0.0,0.0,6.28719376943474,4.165294036408026,100.0,2.0,1.0,0.0,1.0,0.0,0.0,0.0,0.0,1,Higher Low,INFY,2023-11-10,2024-01-09
90.0,1.0,1.0,61.35171280463284,1.0,0.0,0.7365355030159129,2.0089149795336585,1.0,0.0,12.144663867911182,2.4171123764446127,100.0,2.0,1.0,0.0,1.0,0.0,0.0,0.0,0.0,1,Higher Low,INFY,2023-11-10,2024-02-08
120.0,1.0,1.0,27.14587837002358,0.0,1.0,1.3451140124656922,1.8727084544958021,0.0,0.0,2.502393860863969,5.880176563852095,100.0,2.0,0.0,1.0,1.0,0.0,0.0,0.0,0.0,1,Higher Low,INFY,2023-11-10,2024-03-07
180.0,1.0,1.0,54.708767883163496,1.0,0.0,0.6766921018393458,1.6131846718664282,0.0,1.0,3.4015365612781965,6.060389157327448,100.0,2.0,0.0,1.0,1.0,0.0,0.0,0.0,0.0,1,Higher Low,INFY,2023-11-10,2024-05-08
240.0,1.0,1.0,91.34280727727845,1.0,0.0,0.8284841558146232,1.7598636002820018,1.0,0.0,10.331122066349494,1.1168791137463194,80.0,2.0,1.0,0.0,1.0,0.0,0.0,0.0,0.0,1,Higher Low,INFY,2023-11-10,2024-07-05
270.0,1.0,1.0,53.95297976140267,0.0,1.0,0.8530248958302863,2.53819952045141,0.0,0.0,6.484495214468773,8.674554375958472,100.0,2.0,1.0,0.0,1.0,0.0,0.0,0.0,0.0,1,Higher Low,INFY,2023-11-10,2024-08-06
360.0,1.0,1.0,23.773313608112943,0.0,1.0,1.4076205520541285,2.3972478924182443,0.0,1.0,2.588383397053442,11.64519349775939,80.0,2.0,0.0,1.0,1.0,0.0,0.0,0.0,0.0,1,Higher Low,INFY,2023-11-10,2024-11-04
30.0,0.0,1.0,29.461653174925516,1.0,0.0,1.4421122713883623,1.7949136289540142,0.0,1.0,1.1281336774155013,11.651803977598586,66.66666666666666,2.0,0.0,1.0,1.0,0.0,0.0,0.0,0.0,1,Lower High,INFY,2024-03-14,2024-04-12
60.0,0.0,1.0,46.43670273831191,1.0,0.0,0.41487225636107444,1.3894801936216856,0.0,1.0,3.140255674782037,5.855495683676079,100.0,2.0,0.0,1.0,1.0,0.0,0.0,0.0,0.0,1,Lower High,INFY,2024-03-14,2024-05-13
90.0,0.0,1.0,57.85342402269877,1.0,0.0,0.9255409508604809,2.19233086275782,1.0,0.0,8.540940853306262,3.669530463303604,100.0,2.0,1.0,0.0,1.0,0.0,0.0,0.0,0.0,1,Lower High,INFY,2024-03-14,2024-06-12
120.0,0.0,1.0,89.52882347412253,1.0,0.0,2.0725783282644716,1.9153334540088445,1.0,0.0,13.185335930313116,0.4673579669928488,100.0,2.0,1.0,0.0,1.0,0.0,0.0,0.0,0.0,1,Major Top,INFY,2024-03-14,2024-07-12
180.0,0.0,1.0,57.96781455901535,0.0,1.0,1.2780162559761354,1.7077421082519788,1.0,0.0,6.44511607521131,3.3179934382119725,100.0,2.0,1.0,0.0,1.0,0.0,0.0,0.0,0.0,1,Major Top,INFY,2024-03-14,2024-09-10
240.0,0.0,1.0,49.62247109556027,0.0,1.0,0.7900407096216437,1.9781656031969643,0.0,1.0,6.117657055939197,7.600229926741858,83.33333333333334,2.0,0.0,1.0,1.0,0.0,0.0,0.0,0.0,1,Major Top,INFY,2024-03-14,2024-11-08
270.0,0.0,1.0,68.47828891190588,1.0,0.0,0.7785768704105628,2.3394891458540696,1.0,0.0,6.687810769137223,1.3645915577477135,100.0,2.0,1.0,0.0,1.0,0.0,0.0,0.0,0.0,1,Major Top,INFY,2024-03-14,2024-12-09
360.0,0.0,1.0,23.581358385875618,0.0,1.0,1.3451077653712264,2.346211521968396,0.0,1.0,0.9489901130031805,14.09845273142768,83.33333333333334,2.0,0.0,1.0,1.0,0.0,0.0,0.0,0.0,1,Major Top,INFY,2024-03-14,2025-03-07
30.0,1.0,1.0,67.82353084971155,1.0,0.0,0.7150648688700869,2.108197806758381,1.0,0.0,4.370755460231191,1.241838432979133,71.42857142857143,2.0,1.0,0.0,1.0,0.0,0.0,0.0,0.0,0,Pullback,INFY,2024-09-09,2024-10-09
60.0,1.0,1.0,49.62247109556027,0.0,1.0,0.7900407096216437,1.9781656031969643,0.0,1.0,6.117657055939197,7.600229926741858,100.0,2.0,0.0,1.0,1.0,0.0,0.0,0.0,0.0,0,Pullback,INFY,2024-09-09,2024-11-08
90.0,1.0,1.0,58.137571588652165,1.0,0.0,0.649207002061818,2.4768155820938493,1.0,0.0,7.043279869923764,1.4305017083071587,100.0,2.0,1.0,0.0,1.0,0.0,0.0,0.0,0.0,0,No Reaction,INFY,2024-09-09,2024-12-06
120.0,1.0,1.0,40.03487086202181,0.0,1.0,0.8412615377681316,2.322995878790445,0.0,0.0,4.705187345435059,3.915366777587579,100.0,2.0,1.0,0.0,1.0,0.0,0.0,0.0,0.0,1,Higher Low,INFY,2024-09-09,2025-01-07
180.0,1.0,1.0,23.581358385875618,0.0,1.0,1.3451077653712264,2.346211521968396,0.0,1.0,0.9489901130031805,14.09845273142768,100.0,2.0,0.0,1.0,1.0,0.0,0.0,0.0,0.0,1,Major Bottom,INFY,2024-09-09,2025-03-07
240.0,1.0,1.0,73.13099744854689,1.0,0.0,0.5789813890886738,2.2371454679489573,0.0,0.0,13.346160153459508,0.9878554303279078,85.71428571428571,2.0,0.0,1.0,1.0,0.0,0.0,0.0,0.0,1,Major Bottom,INFY,2024-09-09,2025-05-07
270.0,1.0,1.0,59.95653777133165,0.0,1.0,0.5690374192949872,1.608339784899564,1.0,0.0,3.392782728350542,2.913171401652678,100.0,2.0,1.0,0.0,1.0,0.0,0.0,0.0,0.0,1,Major Bottom,INFY,2024-09-09,2025-06-06
360.0,1.0,1.0,56.59898850034342,1.0,0.0,0.7037072819401011,2.1809409955975587,0.0,1.0,3.349271772922175,5.194807790985845,85.71428571428571,2.0,0.0,1.0,1.0,0.0,0.0,0.0,0.0,1,Major Bottom,INFY,2024-09-09,2025-09-04
30.0,0.0,1.0,59.419683378249005,1.0,0.0,1.5338445109509897,2.2819957011550542,1.0,0.0,6.454154673587613,2.0081844627873213,62.5,2.0,1.0,0.0,1.0,0.0,0.0,0.0,0.0,0,No Reaction,INFY,2024-12-13,2025-01-10
60.0,0.0,1.0,51.69946041880331,1.0,0.0,0.7141076972936747,2.124404781836559,0.0,0.0,4.403808903587097,4.8676416086118,87.5,2.0,0.0,1.0,1.0,0.0,0.0,0.0,0.0,1,Lower High,INFY,2024-12-13,2025-02-11
90.0,0.0,1.0,17.749070488883007,0.0,1.0,1.085309540976512,3.005482589309746,0.0,1.0,1.0159229573043933,18.58721397668151,87.5,2.0,0.0,1.0,1.0,0.0,0.0,0.0,0.0,1,Lower High,INFY,2024-12-13,2025-03-13
120.0,0.0,1.0,24.80439017422249,0.0,1.0,1.3156128947889323,3.7428498599945534,0.0,1.0,7.268795786619334,16.197813740579946,100.0,2.0,0.0,1.0,1.0,0.0,0.0,0.0,0.0,1,Lower High,INFY,2024-12-13,2025-04-11
180.0,0.0,1.0,81.49952512076965,1.0,0.0,1.6034024405528107,1.6795348714662965,1.0,0.0,6.89517630630912,0.2145791215981472,100.0,2.0,1.0,0.0,1.0,0.0,0.0,0.0,0.0,1,Lower High,INFY,2024-12-13,2025-06-11
240.0,0.0,1.0,10.059564407427317,0.0,1.0,1.2188641400938478,2.1070710535704142,0.0,1.0,0.6253971620876094,13.273835647899645,87.5,2.0,0.0,1.0,1.0,0.0,0.0,0.0,0.0,1,Lower High,INFY,2024-12-13,2025-08-08
270.0,0.0,1.0,59.45310612296717,1.0,0.0,1.6723763416310817,2.349455787597883,0.0,0.0,6.002788696778956,2.306715710402443,100.0,2.0,0.0,1.0,1.0,0.0,0.0,0.0,0.0,1,Lower High,INFY,2024-12-13,2025-09-09
360.0,0.0,1.0,81.44592624724474,1.0,0.0,0.7447973167416824,1.7888197980813079,1.0,0.0,7.921537602507269,1.3036997051078847,87.5,2.0,1.0,0.0,1.0,0.0,0.0,0.0,0.0,1,Lower High,INFY,2024-12-13,2025-12-08
30.0,1.0,1.0,68.00418331359346,1.0,0.0,1.3558464501653202,1.80893090850287,1.0,0.0,5.428236213130593,1.5096518788736148,55.55555555555556,2.0,1.0,0.0,1.0,0.0,0.0,0.0,0.0,1,Higher Low,INFY,2025-05-22,2025-06-20
60.0,1.0,1.0,44.204039216632815,0.0,1.0,0.5729713645476924,1.909811989478534,0.0,0.0,1.5464309728300152,4.0838170889884715,88.88888888888889,2.0,0.0,1.0,1.0,0.0,0.0,0.0,0.0,1,Higher Low,INFY,2025-05-22,2025-07-21
90.0,1.0,1.0,44.892445973375565,1.0,0.0,1.1662795555158023,1.9769145594554727,0.0,0.0,5.493909939994223,6.396208250646613,88.88888888888889,2.0,0.0,1.0,1.0,0.0,0.0,0.0,0.0,1,Major Bottom,INFY,2025-05-22,2025-08-20
120.0,1.0,1.0,58.00629527148979,1.0,0.0,1.6366102343323343,1.9890734963720909,0.0,0.0,7.265292214684743,0.9609154943198235,100.0,2.0,1.0,0.0,1.0,0.0,0.0,0.0,0.0,0,Pullback,INFY,2025-05-22,2025-09-19
180.0,1.0,1.0,46.86648871732049,0.0,1.0,0.8254790880082322,1.7799478439152843,0.0,0.0,3.9197461075143125,4.897738964873139,100.0,2.0,1.0,0.0,1.0,0.0,0.0,0.0,0.0,0,No Reaction,INFY,2025-05-22,2025-11-18
240.0,1.0,1.0,58.689799480583396,0.0,1.0,2.7060447907388347,1.8649726785151124,1.0,0.0,6.314363570662058,0.24854722751296568,88.88888888888889,2.0,1.0,0.0,1.0,0.0,0.0,0.0,0.0,1,Higher Low,INFY,2025-05-22,2026-01-16
270.0,1.0,1.0,7.321704982662894,0.0,1.0,1.2017454796944163,4.204328472217526,0.0,1.0,6.158469429857081,26.537785404527437,100.0,2.0,0.0,1.0,1.0,0.0,0.0,0.0,0.0,1,Major Bottom,INFY,2025-05-22,2026-02-16
360.0,1.0,1.0,37.84938181749437,0.0,1.0,1.3571112742944136,2.3158436464503844,0.0,1.0,2.6809690698942514,18.409289009197522,88.88888888888889,2.0,0.0,1.0,1.0,0.0,0.0,0.0,0.0,1,Major Bottom,INFY,2025-05-22,2026-05-15
30.0,1.0,1.0,50.099688717549874,1.0,0.0,1.0153247961760974,1.7182215303166617,1.0,0.0,6.016895170334394,3.7529951924281226,60.0,2.0,1.0,0.0,1.0,0.0,0.0,0.0,0.0,1,Higher Low,INFY,2025-10-17,2025-11-14
60.0,1.0,1.0,62.135929047406954,0.0,1.0,0.6825082060966383,1.5645345494893308,1.0,0.0,6.42852865633695,2.4420873548369615,90.0,2.0,1.0,0.0,1.0,0.0,0.0,0.0,0.0,1,Higher Low,INFY,2025-10-17,2025-12-16
90.0,1.0,1.0,34.438896330546555,0.0,1.0,0.0,1.710036668289917,0.0,0.0,1.0438850314087977,5.83822875593947,90.0,2.0,1.0,0.0,1.0,0.0,0.0,0.0,0.0,1,Higher Low,INFY,2025-10-17,2026-01-15
120.0,1.0,1.0,10.292184685039572,0.0,1.0,3.6915282439926855,4.144539591695858,0.0,1.0,6.398362219563038,26.214309197783177,90.0,2.0,0.0,1.0,1.0,0.0,0.0,0.0,0.0,1,Major Bottom,INFY,2025-10-17,2026-02-13
180.0,1.0,1.0,60.07343352328328,1.0,0.0,0.9201298407787727,2.9604574129902317,0.0,0.0,6.91029871929618,5.485324448611715,90.0,2.0,0.0,1.0,1.0,0.0,0.0,0.0,0.0,1,Major Bottom,INFY,2025-10-17,2026-04-15
30.0,0.0,1.0,31.739526980596963,1.0,0.0,0.6169451145708786,3.499770853217616,0.0,1.0,3.193454999588082,18.77775257858241,63.63636363636363,2.0,0.0,1.0,1.0,0.0,0.0,0.0,0.0,1,Lower High,INFY,2026-02-03,2026-03-05
60.0,0.0,1.0,54.64191081712923,1.0,0.0,1.0994807204033437,2.942146280612278,0.0,0.0,6.5882649643338675,2.029509870844176,90.9090909090909,2.0,0.0,1.0,1.0,0.0,0.0,0.0,0.0,1,Lower High,INFY,2026-02-03,2026-04-02
90.0,0.0,1.0,30.99580475356315,0.0,1.0,0.5457106476081643,2.790140931745641,0.0,1.0,1.5919216901093183,17.84491536863144,90.9090909090909,2.0,0.0,1.0,1.0,0.0,0.0,0.0,0.0,1,Lower High,INFY,2026-02-03,2026-05-04
120.0,0.0,1.0,71.40936844792446,1.0,0.0,1.1355793499061548,2.8125081577776423,0.0,0.0,10.927525336763718,4.604949078483979,90.9090909090909,2.0,1.0,0.0,1.0,0.0,0.0,0.0,0.0,1,Lower High,INFY,2026-02-03,2026-06-03
30.0,1.0,1.0,64.45296932759828,1.0,0.0,1.2293098412435142,2.0775013213116673,1.0,0.0,7.434050648727007,3.0975471267640957,50.0,2.0,1.0,0.0,1.0,0.0,0.0,0.0,0.0,1,Higher Low,TCS,2021-12-20,2022-01-19
60.0,1.0,1.0,55.75171472566335,0.0,1.0,1.188199908461577,1.73257441815142,1.0,0.0,4.449215013185045,2.3353441925429337,50.0,2.0,1.0,0.0,1.0,0.0,0.0,0.0,0.0,1,Higher Low,TCS,2021-12-20,2022-02-18
90.0,1.0,1.0,73.58216143044987,1.0,0.0,1.1100046541893245,2.204167527864395,0.0,0.0,7.668630381694641,4.417675430762504,50.0,2.0,0.0,1.0,1.0,0.0,0.0,0.0,0.0,1,Higher Low,TCS,2021-12-20,2022-03-17
120.0,1.0,1.0,25.396458259721413,0.0,1.0,1.375446275023737,1.910749806455437,0.0,0.0,0.9432875636158731,10.475527878596711,50.0,2.0,0.0,1.0,1.0,0.0,0.0,0.0,0.0,0,Pullback,TCS,2021-12-20,2022-04-19
180.0,1.0,1.0,25.52780241664759,0.0,1.0,2.1313435824845235,2.5857576898332253,0.0,1.0,2.1059214200545027,12.57406746144071,50.0,2.0,0.0,1.0,1.0,0.0,0.0,0.0,0.0,1,Major Bottom,TCS,2021-12-20,2022-06-17
240.0,1.0,1.0,85.17538779407391,1.0,0.0,0.87251061753594,1.6184838029224446,1.0,0.0,10.909703434662532,0.8114821779660321,50.0,2.0,1.0,0.0,1.0,0.0,0.0,0.0,0.0,0,No Reaction,TCS,2021-12-20,2022-08-17
270.0,1.0,1.0,32.456854651500194,0.0,1.0,2.311804774325837,2.2440870758940203,0.0,1.0,0.2891598136426542,13.720226030020777,50.0,2.0,0.0,1.0,1.0,0.0,0.0,0.0,0.0,1,Major Bottom,TCS,2021-12-20,2022-09-16
360.0,1.0,1.0,40.110020632892244,0.0,1.0,0.8887932378601157,1.7239564139099686,0.0,0.0,2.0876815787656775,5.291815628708391,50.0,2.0,1.0,0.0,1.0,0.0,0.0,0.0,0.0,1,Major Bottom,TCS,2021-12-20,2022-12-15
30.0,0.0,1.0,37.198790005295706,0.0,1.0,1.3421994289770158,2.516401677404641,0.0,1.0,3.288566117898075,10.354997830523793,100.0,2.0,0.0,1.0,1.0,0.0,0.0,0.0,0.0,1,Lower High,TCS,2022-04-29,2022-05-27
60.0,0.0,1.0,43.08469393157096,1.0,0.0,0.6108971792815008,2.596114713060521,0.0,0.0,8.869408406166873,4.796342278324594,100.0,2.0,0.0,1.0,1.0,0.0,0.0,0.0,0.0,1,Lower High,TCS,2022-04-29,2022-06-28
90.0,0.0,1.0,50.28008752920714,1.0,0.0,0.7336923085202537,2.293544964448011,0.0,0.0,9.431070487212644,1.9544623184817835,100.0,2.0,1.0,0.0,1.0,0.0,0.0,0.0,0.0,1,Lower High,TCS,2022-04-29,2022-07-28
120.0,0.0,1.0,30.594796198698816,0.0,1.0,0.8860653715715958,1.5040726257746346,0.0,0.0,0.6377651527070914,6.408647240277891,0.0,2.0,0.0,1.0,1.0,0.0,0.0,0.0,0.0,1,Lower High,TCS,2022-04-29,2022-08-26
180.0,0.0,1.0,61.46023618083225,1.0,0.0,1.006532770663895,1.7762050689975377,0.0,0.0,6.945224628455253,0.7004807456970651,100.0,2.0,1.0,0.0,1.0,0.0,0.0,0.0,0.0,1,Lower High,TCS,2022-04-29,2022-10-25
240.0,0.0,1.0,29.77374142859638,0.0,1.0,0.7832550254503858,1.8461422288897633,0.0,0.0,2.0041377617014415,7.794993497557323,0.0,2.0,0.0,1.0,1.0,0.0,0.0,0.0,0.0,1,Lower High,TCS,2022-04-29,2022-12-23
270.0,0.0,1.0,68.91370583769188,1.0,0.0,0.779707579109718,1.8023673045323225,1.0,0.0,8.946289834815516,0.4554288659713337,100.0,2.0,1.0,0.0,1.0,0.0,0.0,0.0,0.0,0,No Reaction,TCS,2022-04-29,2023-01-24
360.0,0.0,1.0,53.66925776628623,1.0,0.0,0.7257855121811723,2.0129523753451988,0.0,0.0,3.293128427223794,3.0915439533694746,100.0,2.0,0.0,1.0,1.0,0.0,0.0,0.0,0.0,1,Lower High,TCS,2022-04-29,2023-04-24
30.0,0.0,1.0,61.35771730748044,1.0,0.0,0.6237462196144633,2.186797426908555,0.0,0.0,5.632506906049007,1.4270569300629115,100.0,2.0,0.0,1.0,1.0,0.0,0.0,0.0,0.0,1,Lower High,TCS,2022-09-12,2022-10-12
60.0,0.0,1.0,71.44770362610414,1.0,0.0,1.9085611433736571,1.5526692958814514,1.0,0.0,8.187060990923875,0.7735384086635602,100.0,2.0,1.0,0.0,1.0,0.0,0.0,0.0,0.0,0,No Reaction,TCS,2022-09-12,2022-11-11
90.0,0.0,1.0,51.152032036039174,0.0,1.0,1.1156344770230693,1.7366047298781409,0.0,0.0,1.13885764020651,5.686733720475572,100.0,2.0,1.0,0.0,1.0,0.0,0.0,0.0,0.0,0,Pullback,TCS,2022-09-12,2022-12-09
120.0,0.0,1.0,52.228764938432114,1.0,0.0,2.3982466972372682,1.833640223390183,0.0,0.0,3.7351066524507157,2.756819948003207,50.0,2.0,0.0,1.0,1.0,0.0,0.0,0.0,0.0,0,No Reaction,TCS,2022-09-12,2023-01-10
180.0,0.0,1.0,32.21114517989254,0.0,1.0,0.6967918925954315,1.84693570070645,0.0,0.0,1.2308616031221906,7.32513209448738,100.0,2.0,0.0,1.0,1.0,0.0,0.0,0.0,0.0,1,Major Top,TCS,2022-09-12,2023-03-10
240.0,0.0,1.0,83.24340310032512,1.0,0.0,0.6528642344746283,1.22926757760665,0.0,0.0,6.5884873958072685,0.5993656711456798,50.0,2.0,1.0,0.0,1.0,0.0,0.0,0.0,0.0,0,No Reaction,TCS,2022-09-12,2023-05-10
270.0,0.0,1.0,36.3301920404306,0.0,1.0,1.0440581817476249,1.4378991664008,0.0,0.0,0.4455777943644256,5.069658579386054,50.0,2.0,0.0,1.0,1.0,0.0,0.0,0.0,0.0,0,Pullback,TCS,2022-09-12,2023-06-09
360.0,0.0,1.0,68.29971564043944,1.0,0.0,1.2442856823667943,1.1815350410798038,1.0,0.0,3.2298675574717564,0.3299283805359334,100.0,2.0,1.0,0.0,1.0,0.0,0.0,0.0,0.0,1,Major Top,TCS,2022-09-12,2023-09-07
30.0,0.0,1.0,54.317987367279294,1.0,0.0,1.3307569573766476,1.8079829672491083,0.0,0.0,4.467864544117436,5.09753484299191,100.0,2.0,0.0,1.0,1.0,0.0,0.0,0.0,0.0,1,Lower High,TCS,2023-03-06,2023-04-05
60.0,0.0,1.0,56.158950572064626,1.0,0.0,0.6738340726739458,1.508741341392789,0.0,0.0,4.966435134526578,1.3077640713622674,66.66666666666666,2.0,0.0,1.0,1.0,0.0,0.0,0.0,0.0,1,Lower High,TCS,2023-03-06,2023-05-05
90.0,0.0,1.0,58.266657045099336,1.0,0.0,1.2945993317579214,1.4672060361353565,1.0,0.0,3.3458498418824014,2.0087137507313155,66.66666666666666,2.0,1.0,0.0,1.0,0.0,0.0,0.0,0.0,0,No Reaction,TCS,2023-03-06,2023-06-02
120.0,0.0,1.0,61.41093570952128,1.0,0.0,0.9043888144594252,1.319249591934704,0.0,0.0,4.6194299288197325,0.30072555185549366,33.33333333333333,2.0,1.0,0.0,1.0,0.0,0.0,0.0,0.0,0,Pullback,TCS,2023-03-06,2023-07-04
180.0,0.0,1.0,36.90249773666739,0.0,1.0,0.8165527989927766,1.236661519927383,0.0,0.0,1.0520243872494273,3.2773890989773053,100.0,2.0,1.0,0.0,1.0,0.0,0.0,0.0,0.0,0,Pullback,TCS,2023-03-06,2023-09-01
240.0,0.0,1.0,22.331016729334266,0.0,1.0,0.7929692553017131,1.5335011521783002,0.0,0.0,0.5899720150689667,10.173848353851284,33.33333333333333,2.0,0.0,1.0,1.0,0.0,0.0,0.0,0.0,0,Pullback,TCS,2023-03-06,2023-11-01
270.0,0.0,1.0,69.86941402210985,1.0,0.0,0.6545256343276832,1.3936261528475113,0.0,0.0,5.390630627445861,0.9212228993143001,33.33333333333333,2.0,1.0,0.0,1.0,0.0,0.0,0.0,0.0,1,Major Top,TCS,2023-03-06,2023-12-01
360.0,0.0,1.0,46.67004763708409,0.0,1.0,1.838211143604997,1.9969836214430228,1.0,0.0,5.44797400678835,2.189212690835991,100.0,2.0,1.0,0.0,1.0,0.0,0.0,0.0,0.0,1,Major Top,TCS,2023-03-06,2024-02-29
30.0,1.0,1.0,38.76957649225399,0.0,1.0,0.6679193791041994,1.2713803389731688,0.0,0.0,1.4875879252577602,3.2132497735816443,100.0,2.0,1.0,0.0,1.0,0.0,0.0,0.0,0.0,0,Pullback,TCS,2023-07-28,2023-08-25
60.0,1.0,1.0,74.48704747950276,1.0,0.0,0.897760132518367,1.5256035957649494,1.0,0.0,6.750425169923808,1.3400521584863379,75.0,2.0,1.0,0.0,1.0,0.0,0.0,0.0,0.0,1,Higher Low,TCS,2023-07-28,2023-09-26
90.0,1.0,1.0,24.403933105238124,0.0,1.0,0.937416551820242,1.5835937048204782,0.0,0.0,0.20229265003370622,9.972431025992416,50.0,2.0,0.0,1.0,1.0,0.0,0.0,0.0,0.0,0,Pullback,TCS,2023-07-28,2023-10-26
120.0,1.0,1.0,63.59098547336194,1.0,0.0,1.2121280978293052,1.4162359824842838,0.0,0.0,4.226094080673784,2.5136637179729933,25.0,2.0,0.0,1.0,1.0,0.0,0.0,0.0,0.0,1,Higher Low,TCS,2023-07-28,2023-11-24
180.0,1.0,1.0,63.92624345719564,1.0,0.0,1.192893347473076,2.049679359378394,1.0,0.0,5.6239022225151105,3.1690951497800426,75.0,2.0,1.0,0.0,1.0,0.0,0.0,0.0,0.0,1,Higher Low,TCS,2023-07-28,2024-01-24
240.0,1.0,1.0,36.674674262574776,0.0,1.0,1.9405353457523935,2.5286476765945647,0.0,0.0,1.42933605409461,8.792098989377795,25.0,2.0,0.0,1.0,1.0,0.0,0.0,0.0,0.0,1,Higher Low,TCS,2023-07-28,2024-03-22
270.0,1.0,1.0,45.68934364505072,0.0,1.0,0.6027415851316144,1.9991403783393307,0.0,1.0,1.9046619472424227,4.890705730709965,50.0,2.0,0.0,1.0,1.0,0.0,0.0,0.0,0.0,1,Higher Low,TCS,2023-07-28,2024-04-23
360.0,1.0,1.0,72.37798901022998,1.0,0.0,0.5806507991019136,2.0120553130687986,1.0,0.0,11.774977115694346,1.6653743218086836,100.0,2.0,1.0,0.0,1.0,0.0,0.0,0.0,0.0,1,Higher Low,TCS,2023-07-28,2024-07-22
30.0,1.0,1.0,70.49457342057224,1.0,0.0,1.1549356294726272,2.0844816190690256,1.0,0.0,8.58632446015881,0.4563410052896165,80.0,2.0,1.0,0.0,1.0,0.0,0.0,0.0,0.0,1,Higher Low,TCS,2024-01-04,2024-02-02
60.0,1.0,1.0,43.7703498623353,0.0,1.0,0.8676460686383254,1.9211486323233642,0.0,0.0,2.6882682646938965,2.5498229364006746,80.0,2.0,1.0,0.0,1.0,0.0,0.0,0.0,0.0,1,Higher Low,TCS,2024-01-04,2024-03-04
90.0,1.0,1.0,31.67232357628299,0.0,1.0,1.259460659681547,2.3798360330478006,0.0,0.0,2.9868530039212486,7.788864896450734,40.0,2.0,0.0,1.0,1.0,0.0,0.0,0.0,0.0,1,Higher Low,TCS,2024-01-04,2024-04-03
120.0,1.0,1.0,35.79117967599957,1.0,0.0,1.1427727560809025,1.9861512018716851,0.0,1.0,1.7003087829769923,5.744914967733055,40.0,2.0,0.0,1.0,1.0,0.0,0.0,0.0,0.0,1,Higher Low,TCS,2024-01-04,2024-05-03
180.0,1.0,1.0,68.44869162113613,1.0,0.0,0.8895728824280761,1.5852466951208022,1.0,0.0,10.60137697075029,0.14935032971200474,80.0,2.0,1.0,0.0,1.0,0.0,0.0,0.0,0.0,1,Higher Low,TCS,2024-01-04,2024-07-02
240.0,1.0,1.0,78.16284064792747,1.0,0.0,1.7280147301295068,1.7750700537806232,1.0,0.0,9.733728185318325,0.8454570409003517,40.0,2.0,1.0,0.0,1.0,0.0,0.0,0.0,0.0,1,Higher Low,TCS,2024-01-04,2024-08-30
270.0,1.0,1.0,20.54174997619728,0.0,1.0,1.0999801966163587,1.872522049255224,0.0,0.0,0.9605241822899794,6.733036117968487,60.0,2.0,0.0,1.0,1.0,0.0,0.0,0.0,0.0,1,Higher Low,TCS,2024-01-04,2024-09-30
360.0,1.0,1.0,20.012892169316416,0.0,1.0,0.3964851116629323,2.033773773710064,0.0,0.0,1.1993367784844189,7.924667271139124,100.0,2.0,0.0,1.0,1.0,0.0,0.0,0.0,0.0,1,Higher Low,TCS,2024-01-04,2024-12-27
30.0,1.0,1.0,32.13919878673613,0.0,1.0,4.77349355288871,1.698995250986662,0.0,1.0,0.4685422411271052,7.852841571829691,83.33333333333334,2.0,0.0,1.0,1.0,0.0,0.0,0.0,0.0,0,Pullback,TCS,2024-05-02,2024-05-31
60.0,1.0,1.0,64.38370245182121,1.0,0.0,1.027982539179195,1.5896450195586311,0.0,0.0,9.720465312247404,0.5907194280940395,83.33333333333334,2.0,1.0,0.0,1.0,0.0,0.0,0.0,0.0,1,Higher Low,TCS,2024-05-02,2024-07-01
90.0,1.0,1.0,90.70332414660302,1.0,0.0,0.7188690749125648,2.150058206572231,1.0,0.0,11.373710406279132,1.0409502175175533,50.0,2.0,1.0,0.0,1.0,0.0,0.0,0.0,0.0,1,Higher Low,TCS,2024-05-02,2024-07-31
120.0,1.0,1.0,78.16284064792747,1.0,0.0,1.7280147301295068,1.7750700537806232,1.0,0.0,9.733728185318325,0.8454570409003517,50.0,2.0,1.0,0.0,1.0,0.0,0.0,0.0,0.0,1,Higher Low,TCS,2024-05-02,2024-08-30
180.0,1.0,1.0,30.580449118807195,1.0,0.0,0.6366917332235283,1.800248817747789,0.0,1.0,1.9655216774884878,5.2092628375202,83.33333333333334,2.0,0.0,1.0,1.0,0.0,0.0,0.0,0.0,1,Higher Low,TCS,2024-05-02,2024-10-29
240.0,1.0,1.0,20.012892169316416,0.0,1.0,0.3964851116629323,2.033773773710064,0.0,0.0,1.1993367784844189,7.924667271139124,50.0,2.0,0.0,1.0,1.0,0.0,0.0,0.0,0.0,1,Higher Low,TCS,2024-05-02,2024-12-27
270.0,1.0,1.0,56.597600200399256,1.0,0.0,0.653303622086036,2.4471542886859345,0.0,1.0,3.1015155645113492,4.420327200801412,66.66666666666666,2.0,0.0,1.0,1.0,0.0,0.0,0.0,0.0,1,Higher Low,TCS,2024-05-02,2025-01-27
360.0,1.0,1.0,42.05646101350062,1.0,0.0,0.8011019788203771,2.6946236202263942,0.0,0.0,11.36745115925123,7.5986117910475395,100.0,2.0,0.0,1.0,1.0,0.0,0.0,0.0,0.0,1,Major Bottom,TCS,2024-05-02,2025-04-25
30.0,0.0,1.0,33.40420028330357,0.0,1.0,1.3621700182936873,1.939348577805861,0.0,0.0,1.8845636124014824,6.482224233819054,71.42857142857143,2.0,0.0,1.0,1.0,0.0,0.0,0.0,0.0,1,Lower High,TCS,2024-08-30,2024-09-27
60.0,0.0,1.0,30.580449118807195,1.0,0.0,0.6366917332235283,1.800248817747789,0.0,1.0,1.9655216774884878,5.2092628375202,85.71428571428571,2.0,0.0,1.0,1.0,0.0,0.0,0.0,0.0,1,Lower High,TCS,2024-08-30,2024-10-29
90.0,0.0,1.0,57.65954507956288,1.0,0.0,1.138363185135693,2.2946873474711924,0.0,0.0,7.812905054501207,3.121400548721681,57.14285714285714,2.0,1.0,0.0,1.0,0.0,0.0,0.0,0.0,1,Lower High,TCS,2024-08-30,2024-11-28
120.0,0.0,1.0,20.012892169316416,0.0,1.0,0.3964851116629323,2.033773773710064,0.0,0.0,1.1993367784844189,7.924667271139124,57.14285714285714,2.0,0.0,1.0,1.0,0.0,0.0,0.0,0.0,1,Lower High,TCS,2024-08-30,2024-12-27
180.0,0.0,1.0,7.204522160036873,0.0,1.0,1.989374284575617,1.9656121210762723,0.0,1.0,0.2286798285315001,14.33923927404959,85.71428571428571,2.0,0.0,1.0,1.0,0.0,0.0,0.0,0.0,1,Lower High,TCS,2024-08-30,2025-02-25
240.0,0.0,1.0,42.05646101350062,1.0,0.0,0.8011019788203771,2.6946236202263942,0.0,0.0,11.36745115925123,7.5986117910475395,57.14285714285714,2.0,0.0,1.0,1.0,0.0,0.0,0.0,0.0,1,Lower High,TCS,2024-08-30,2025-04-25
270.0,0.0,1.0,54.32534944159584,1.0,0.0,1.213901784578477,2.008705943807633,0.0,0.0,3.7928399866423366,3.767118317910525,71.42857142857143,2.0,1.0,0.0,1.0,0.0,0.0,0.0,0.0,1,Lower High,TCS,2024-08-30,2025-05-27
360.0,0.0,1.0,60.04245994540206,1.0,0.0,1.213016849170117,1.4828827520820027,0.0,0.0,4.744318685585171,0.36298484331886394,100.0,2.0,0.0,1.0,1.0,0.0,0.0,0.0,0.0,1,Lower High,TCS,2024-08-30,2025-08-25
30.0,0.0,1.0,26.933567899893347,0.0,1.0,0.9861800083742922,1.863129985568262,0.0,1.0,0.25315494974170033,6.106096398945463,75.0,2.0,0.0,1.0,1.0,0.0,0.0,0.0,0.0,1,Lower High,TCS,2025-01-13,2025-02-12
60.0,0.0,1.0,25.47748707120209,1.0,0.0,0.5887415971941051,1.9583070713627069,0.0,1.0,1.539428183102895,13.483144981326598,87.5,2.0,0.0,1.0,1.0,0.0,0.0,0.0,0.0,1,Lower High,TCS,2025-01-13,2025-03-13
90.0,0.0,1.0,21.86783663421808,0.0,1.0,2.173322785725339,3.0352975034400402,0.0,1.0,5.429361353279425,14.807365552164573,62.5,2.0,0.0,1.0,1.0,0.0,0.0,0.0,0.0,1,Lower High,TCS,2025-01-13,2025-04-11
120.0,0.0,1.0,67.49825706786336,1.0,0.0,1.1831218182027823,2.2180463399182013,0.0,0.0,8.790899606673564,3.285916415265665,62.5,2.0,1.0,0.0,1.0,0.0,0.0,0.0,0.0,1,Lower High,TCS,2025-01-13,2025-05-13
180.0,0.0,1.0,29.82284238621901,0.0,1.0,2.9393896284130387,1.5359544376726506,0.0,1.0,0.15002762840631148,8.328222614855044,87.5,2.0,0.0,1.0,1.0,0.0,0.0,0.0,0.0,1,Lower High,TCS,2025-01-13,2025-07-11
240.0,0.0,1.0,51.29309874984295,1.0,0.0,0.7521844580034853,1.7579239685465375,0.0,0.0,3.4276525130206945,1.6720342823173913,62.5,2.0,0.0,1.0,1.0,0.0,0.0,0.0,0.0,1,Lower High,TCS,2025-01-13,2025-09-10
270.0,0.0,1.0,36.98986156262419,1.0,0.0,2.7300127036162425,1.8881390383717382,0.0,1.0,5.33962422311513,5.768917620302609,75.0,2.0,0.0,1.0,1.0,0.0,0.0,0.0,0.0,1,Lower High,TCS,2025-01-13,2025-10-10
360.0,0.0,1.0,41.08090891026615,0.0,1.0,1.9088636008222732,1.554579988310217,0.0,0.0,1.5855567035303226,3.892143347001533,100.0,2.0,1.0,0.0,1.0,0.0,0.0,0.0,0.0,1,Lower High,TCS,2025-01-13,2026-01-08
30.0,1.0,1.0,52.13086594616767,1.0,0.0,0.9564397412043724,1.4978362145440036,0.0,0.0,2.241167252204026,2.9775575979911437,77.77777777777779,2.0,1.0,0.0,1.0,0.0,0.0,0.0,0.0,0,Pullback,TCS,2025-05-22,2025-06-20
60.0,1.0,1.0,13.576200484127625,0.0,1.0,1.3646036803392632,1.5332125532292984,0.0,1.0,0.19631281323952035,10.129071928049303,88.88888888888889,2.0,0.0,1.0,1.0,0.0,0.0,0.0,0.0,1,Major Bottom,TCS,2025-05-22,2025-07-21
90.0,1.0,1.0,57.20228602883439,1.0,0.0,1.768390543672402,1.438206487852701,0.0,0.0,3.453172901641531,2.6915311832504787,66.66666666666666,2.0,0.0,1.0,1.0,0.0,0.0,0.0,0.0,1,Major Bottom,TCS,2025-05-22,2025-08-20
120.0,1.0,1.0,59.37701365746812,1.0,0.0,1.9362036375052785,1.4079704680631715,0.0,0.0,4.834024308761482,1.0665225787656403,66.66666666666666,2.0,1.0,0.0,1.0,0.0,0.0,0.0,0.0,1,Major Bottom,TCS,2025-05-22,2025-09-19
180.0,1.0,1.0,54.31700526919218,1.0,0.0,1.0011204487734993,1.3921959722713224,1.0,0.0,4.100932281892025,1.5969581098857377,88.88888888888889,2.0,1.0,0.0,1.0,0.0,0.0,0.0,0.0,1,Major Bottom,TCS,2025-05-22,2025-11-18
240.0,1.0,1.0,51.328988727912645,0.0,1.0,1.6776930771632257,1.7824812694659002,1.0,0.0,2.7777698392385433,1.9481178544853008,66.66666666666666,2.0,1.0,0.0,1.0,0.0,0.0,0.0,0.0,1,Major Bottom,TCS,2025-05-22,2026-01-16
270.0,1.0,1.0,23.546676875601804,0.0,1.0,0.6724675952493085,3.657462402753728,0.0,1.0,4.492725426292451,23.77151827869241,77.77777777777779,2.0,0.0,1.0,1.0,0.0,0.0,0.0,0.0,1,Major Bottom,TCS,2025-05-22,2026-02-16
360.0,1.0,1.0,18.9654220477737,0.0,1.0,0.9174311507078031,2.3182719927726283,0.0,1.0,2.544166526387817,15.4593692751382,100.0,2.0,0.0,1.0,1.0,0.0,0.0,0.0,0.0,1,Major Bottom,TCS,2025-05-22,2026-05-15
30.0,0.0,1.0,53.03077678040222,0.0,1.0,0.5741093079947682,1.4943223468959166,0.0,1.0,1.6277860190438636,3.5496968123129897,70.0,2.0,0.0,1.0,1.0,0.0,0.0,0.0,0.0,0,Pullback,TCS,2025-10-10,2025-11-07
60.0,0.0,1.0,62.129802120704454,1.0,0.0,0.862932334181617,1.4239850284105702,1.0,0.0,4.71277859430132,1.973006863409928,90.0,2.0,1.0,0.0,1.0,0.0,0.0,0.0,0.0,1,Major Top,TCS,2025-10-10,2025-12-09
90.0,0.0,1.0,41.08090891026615,0.0,1.0,1.9088636008222732,1.554579988310217,0.0,0.0,1.5855567035303226,3.892143347001533,70.0,2.0,1.0,0.0,1.0,0.0,0.0,0.0,0.0,1,Major Top,TCS,2025-10-10,2026-01-08
120.0,0.0,1.0,30.289975644945315,0.0,1.0,1.3304977283501818,2.7305349280943787,0.0,1.0,0.8702779713886687,13.883599960259883,70.0,2.0,0.0,1.0,1.0,0.0,0.0,0.0,0.0,0,Pullback,TCS,2025-10-10,2026-02-06
180.0,0.0,1.0,65.86292350649113,1.0,0.0,1.2067950487956465,2.6082382288753267,0.0,0.0,8.322917540064118,0.8244802304950007,90.0,2.0,0.0,1.0,1.0,0.0,0.0,0.0,0.0,1,Lower High,TCS,2025-10-10,2026-04-08
240.0,0.0,1.0,45.3399270168464,1.0,0.0,0.8853863124752427,3.1626007991603413,0.0,1.0,1.001245548020366,11.755878461064626,70.0,2.0,0.0,1.0,1.0,0.0,0.0,0.0,0.0,1,Lower High,TCS,2025-10-10,2026-06-05
30.0,0.0,1.0,27.828105022304555,0.0,1.0,0.6627678396208189,2.788949775734735,0.0,1.0,1.2564039813438976,17.48487099477559,63.63636363636363,2.0,0.0,1.0,1.0,0.0,0.0,0.0,0.0,1,Lower High,TCS,2026-02-03,2026-03-05
60.0,0.0,1.0,48.30952996773127,1.0,0.0,1.3863758968048783,2.6493894801890994,0.0,0.0,4.2640897021615505,7.520306515888049,90.9090909090909,2.0,0.0,1.0,1.0,0.0,0.0,0.0,0.0,1,Lower High,TCS,2026-02-03,2026-04-02
90.0,0.0,1.0,45.718428340842884,0.0,1.0,0.6479708838730707,2.4081773858139313,0.0,0.0,1.7480355365971902,7.514498855778904,72.72727272727273,2.0,0.0,1.0,1.0,0.0,0.0,0.0,0.0,1,Lower High,TCS,2026-02-03,2026-05-04
120.0,0.0,1.0,52.255756825923235,1.0,0.0,2.7686236518250666,3.0447594080972484,0.0,1.0,2.891396601578298,9.622159783655047,63.63636363636363,2.0,0.0,1.0,1.0,0.0,0.0,0.0,0.0,1,Lower High,TCS,2026-02-03,2026-06-03
30.0,0.0,1.0,47.03470102689781,0.0,1.0,0.939382180756837,1.129079270325489,0.0,0.0,0.8539424322456474,3.486661320479029,50.0,2.0,0.0,1.0,0.0,1.0,0.0,0.0,0.0,1,Lower High,^NSEI,2021-10-19,2021-11-18
60.0,0.0,1.0,48.415059813481356,1.0,0.0,1.2243840961276178,1.5085834808187286,0.0,1.0,1.1939737974997073,4.828031574364722,50.0,2.0,0.0,1.0,0.0,1.0,0.0,0.0,0.0,1,Lower High,^NSEI,2021-10-19,2021-12-17
90.0,0.0,1.0,85.91806871597129,1.0,0.0,1.1928882925192887,0.967115162927147,1.0,0.0,8.84772119409666,0.07347115299783534,50.0,2.0,1.0,0.0,0.0,1.0,0.0,0.0,0.0,0,No Reaction,^NSEI,2021-10-19,2022-01-17
120.0,0.0,1.0,53.59666971223064,0.0,1.0,0.8393120730493289,1.7998160262264105,0.0,1.0,2.9589131359845107,4.658761799289794,50.0,2.0,0.0,1.0,0.0,1.0,0.0,0.0,0.0,1,Lower High,^NSEI,2021-10-19,2022-02-16
180.0,0.0,1.0,56.63955500085632,0.0,1.0,0.8140693503387804,1.2131372652423538,1.0,0.0,3.649654044304726,3.656516271021297,50.0,2.0,1.0,0.0,0.0,1.0,0.0,0.0,0.0,1,Lower High,^NSEI,2021-10-19,2022-04-13
240.0,0.0,1.0,25.972031975623196,0.0,1.0,1.0053171287504747,1.7042443880137519,0.0,1.0,0.16600914448962423,9.330690444696232,50.0,2.0,0.0,1.0,0.0,1.0,0.0,0.0,0.0,1,Lower High,^NSEI,2021-10-19,2022-06-16
270.0,0.0,1.0,60.57877299516072,1.0,0.0,0.7729432311130308,1.159135316904934,0.0,0.0,5.346687532679205,1.4100378955556647,50.0,2.0,1.0,0.0,0.0,1.0,0.0,0.0,0.0,1,Lower High,^NSEI,2021-10-19,2022-07-15
360.0,0.0,1.0,46.7892101523382,0.0,1.0,0.7498678646934461,1.5194327340724951,0.0,1.0,2.548630663349046,4.268674513397881,50.0,2.0,0.0,1.0,0.0,1.0,0.0,0.0,0.0,1,Lower High,^NSEI,2021-10-19,2022-10-14
30.0,1.0,1.0,32.122008416784325,0.0,1.0,0.8792411528639182,1.5008132152642926,0.0,0.0,1.2542325979883906,6.3166140912628315,100.0,2.0,0.0,1.0,0.0,1.0,0.0,0.0,0.0,0,Pullback,^NSEI,2022-03-28,2022-04-27
60.0,1.0,1.0,51.02409645698004,1.0,0.0,0.9490340004154837,1.8546144383346606,0.0,0.0,3.771301474376481,6.26939806003126,100.0,2.0,0.0,1.0,0.0,1.0,0.0,0.0,0.0,1,Major Bottom,^NSEI,2022-03-28,2022-05-27
90.0,1.0,1.0,31.68944285188303,0.0,1.0,0.8440634969443056,1.737527643637435,0.0,1.0,3.2858232678312658,6.972305106135643,0.0,2.0,0.0,1.0,0.0,1.0,0.0,0.0,0.0,1,Major Bottom,^NSEI,2022-03-28,2022-06-24
120.0,1.0,1.0,66.15441994013463,1.0,0.0,0.7963890907699958,1.0573318543649588,1.0,0.0,5.901532880609583,1.6282627965275198,100.0,2.0,1.0,0.0,0.0,1.0,0.0,0.0,0.0,0,No Reaction,^NSEI,2022-03-28,2022-07-26
180.0,1.0,1.0,40.60146461101897,0.0,1.0,1.3382186761634078,1.301123370827121,0.0,0.0,0.9300348539040804,4.436920813521525,100.0,2.0,0.0,1.0,0.0,1.0,0.0,0.0,0.0,0,Pullback,^NSEI,2022-03-28,2022-09-23
240.0,1.0,1.0,58.12763100126546,0.0,1.0,0.6939512138324504,0.8436260650402847,1.0,0.0,3.450163544047407,0.95745331467517,100.0,2.0,1.0,0.0,0.0,1.0,0.0,0.0,0.0,1,Higher Low,^NSEI,2022-03-28,2022-11-23
270.0,1.0,1.0,22.43797195253505,0.0,1.0,0.9997743173098623,1.1105714995841245,0.0,0.0,0.15331659844673987,6.069584544704107,100.0,2.0,0.0,1.0,0.0,1.0,0.0,0.0,0.0,1,Higher Low,^NSEI,2022-03-28,2022-12-23
360.0,1.0,1.0,42.7634721488288,0.0,1.0,0.805186695318383,1.3192211812469692,0.0,1.0,1.4554794814312508,4.2340753391168375,100.0,2.0,0.0,1.0,0.0,1.0,0.0,0.0,0.0,0,Pullback,^NSEI,2022-03-28,2023-03-23
30.0,1.0,1.0,56.945430676054734,0.0,1.0,0.9142190902388423,1.0292907803818905,1.0,0.0,4.628139419589669,2.4676877166883737,50.0,2.0,1.0,0.0,0.0,1.0,0.0,0.0,0.0,1,Higher Low,^NSEI,2022-07-27,2022-08-26
60.0,1.0,1.0,40.60146461101897,0.0,1.0,1.3382186761634078,1.301123370827121,0.0,0.0,0.9300348539040804,4.436920813521525,100.0,2.0,0.0,1.0,0.0,1.0,0.0,0.0,0.0,1,Higher Low,^NSEI,2022-07-27,2022-09-23
90.0,1.0,1.0,63.211914491236364,1.0,0.0,0.9785908913974309,1.1281059934601823,0.0,0.0,5.146309462192193,0.8787229187091976,50.0,2.0,1.0,0.0,0.0,1.0,0.0,0.0,0.0,1,Higher Low,^NSEI,2022-07-27,2022-10-25
120.0,1.0,1.0,66.32727434007731,0.0,1.0,0.7991068805452729,0.8783029960913106,1.0,0.0,4.4881797161179176,0.24669640576851365,50.0,2.0,1.0,0.0,0.0,1.0,0.0,0.0,0.0,1,Higher Low,^NSEI,2022-07-27,2022-11-24
180.0,1.0,1.0,46.242835588009626,1.0,0.0,0.8557121426609479,1.0703131037111944,0.0,0.0,1.9698064979586487,0.8096630934843412,50.0,2.0,0.0,1.0,0.0,1.0,0.0,0.0,0.0,1,Higher Low,^NSEI,2022-07-27,2023-01-23
240.0,1.0,1.0,29.084578729551154,0.0,1.0,0.8394852629834865,1.2743709306450133,0.0,1.0,0.6887035830198391,5.045121720413847,100.0,2.0,0.0,1.0,0.0,1.0,0.0,0.0,0.0,0,No Reaction,^NSEI,2022-07-27,2023-03-24
270.0,1.0,1.0,80.79524228696567,1.0,0.0,0.9390360806869403,0.8482528456842233,0.0,0.0,4.030292411581563,1.3558132674255283,100.0,2.0,1.0,0.0,0.0,1.0,0.0,0.0,0.0,1,Higher Low,^NSEI,2022-07-27,2023-04-21
360.0,1.0,1.0,65.85830798964159,1.0,0.0,1.1826146190088744,0.8278938157942336,1.0,0.0,5.562424822739934,1.2501879431501646,50.0,2.0,1.0,0.0,0.0,1.0,0.0,0.0,0.0,1,Higher Low,^NSEI,2022-07-27,2023-07-21
30.0,1.0,1.0,46.6672989550352,1.0,0.0,1.071934650329249,1.0617710672881262,0.0,1.0,0.7282539567486163,2.086417621053813,66.66666666666666,2.0,0.0,1.0,0.0,1.0,0.0,0.0,0.0,0,Pullback,^NSEI,2022-12-26,2023-01-25
60.0,1.0,1.0,37.25908566231768,0.0,1.0,0.7160198324499915,0.9512443242478165,0.0,1.0,0.6435455896512046,3.830051808836241,100.0,2.0,0.0,1.0,0.0,1.0,0.0,0.0,0.0,0,No Reaction,^NSEI,2022-12-26,2023-02-24
90.0,1.0,1.0,29.084578729551154,0.0,1.0,0.8394852629834865,1.2743709306450133,0.0,1.0,0.6887035830198391,5.045121720413847,66.66666666666666,2.0,0.0,1.0,0.0,1.0,0.0,0.0,0.0,0,No Reaction,^NSEI,2022-12-26,2023-03-24
120.0,1.0,1.0,74.7044850404389,1.0,0.0,1.1418040811625363,0.7392785728857436,0.0,0.0,4.814496954007626,0.5275968316051606,66.66666666666666,2.0,1.0,0.0,0.0,1.0,0.0,0.0,0.0,0,Pullback,^NSEI,2022-12-26,2023-04-25
180.0,1.0,1.0,53.38915875693584,0.0,1.0,0.7947019867549668,0.6776813159400269,0.0,0.0,1.0765809581848866,1.1845362265945192,66.66666666666666,2.0,1.0,0.0,0.0,1.0,0.0,0.0,0.0,1,Higher Low,^NSEI,2022-12-26,2023-06-23
240.0,1.0,1.0,45.7811289717238,0.0,1.0,0.8875051725157146,0.7321578383526318,0.0,0.0,0.9792243912003703,2.1783109506788727,66.66666666666666,2.0,1.0,0.0,0.0,1.0,0.0,0.0,0.0,1,Higher Low,^NSEI,2022-12-26,2023-08-23
270.0,1.0,1.0,59.323397886304264,0.0,1.0,0.7833412811953584,0.7597148148686009,0.0,0.0,2.2903013297838544,2.786379245714576,100.0,2.0,1.0,0.0,0.0,1.0,0.0,0.0,0.0,1,Higher Low,^NSEI,2022-12-26,2023-09-22
360.0,1.0,1.0,75.6596656360581,1.0,0.0,0.9304274937133278,1.0435846773919362,1.0,0.0,6.992225928653355,1.5899713542351055,66.66666666666666,2.0,1.0,0.0,0.0,1.0,0.0,0.0,0.0,1,Higher Low,^NSEI,2022-12-26,2023-12-21
30.0,1.0,1.0,55.7589874207805,0.0,1.0,1.067272095068622,0.8707547603472032,1.0,0.0,3.567746453621249,1.4035839157368972,50.0,2.0,1.0,0.0,0.0,1.0,0.0,0.0,0.0,0,No Reaction,^NSEI,2023-04-21,2023-05-19
60.0,1.0,1.0,64.42798932302637,0.0,1.0,0.8005296509978247,0.666465497363916,1.0,0.0,3.264647114690969,0.34410923641421404,75.0,2.0,1.0,0.0,0.0,1.0,0.0,0.0,0.0,1,Higher Low,^NSEI,2023-04-21,2023-06-20
90.0,1.0,1.0,82.08399095848038,1.0,0.0,1.0514631298922508,0.7741803938327169,1.0,0.0,6.669208378851978,0.06356235626495395,50.0,2.0,1.0,0.0,0.0,1.0,0.0,0.0,0.0,1,Higher Low,^NSEI,2023-04-21,2023-07-20
120.0,1.0,1.0,35.760922661676915,0.0,1.0,0.9616612218842702,0.8403805022568411,0.0,0.0,0.29285520882040966,2.989360457183454,50.0,2.0,1.0,0.0,0.0,1.0,0.0,0.0,0.0,1,Higher Low,^NSEI,2023-04-21,2023-08-18
180.0,1.0,1.0,48.45450031350633,1.0,0.0,0.8611135163217595,0.8202396948557813,0.0,0.0,1.7157149661280335,1.9294843134702588,75.0,2.0,1.0,0.0,0.0,1.0,0.0,0.0,0.0,1,Higher Low,^NSEI,2023-04-21,2023-10-18
240.0,1.0,1.0,93.3602114100697,1.0,0.0,1.8125467564390296,0.8794485247098414,1.0,0.0,8.338678867866307,0.1661507736574607,75.0,2.0,1.0,0.0,0.0,1.0,0.0,0.0,0.0,1,Higher Low,^NSEI,2023-04-21,2023-12-15
270.0,1.0,1.0,63.04464599022863,0.0,1.0,1.060150103332004,0.8209201926868585,1.0,0.0,4.790693493519547,0.4168861449693268,100.0,2.0,1.0,0.0,0.0,1.0,0.0,0.0,0.0,1,Higher Low,^NSEI,2023-04-21,2024-01-16
360.0,1.0,1.0,58.6220446995256,1.0,0.0,1.0639253007721314,0.9373333847794365,0.0,0.0,2.5246415141991245,2.259284852396453,75.0,2.0,1.0,0.0,0.0,1.0,0.0,0.0,0.0,1,Higher Low,^NSEI,2023-04-21,2024-04-15
30.0,0.0,1.0,84.44553120229997,1.0,0.0,1.330916623511134,0.795320633247972,0.0,0.0,4.691830318083927,0.5567906502333746,40.0,2.0,1.0,0.0,0.0,1.0,0.0,0.0,0.0,0,Pullback,^NSEI,2023-10-17,2023-11-16
60.0,0.0,1.0,93.3602114100697,1.0,0.0,1.8125467564390296,0.8794485247098414,1.0,0.0,8.338678867866307,0.1661507736574607,80.0,2.0,1.0,0.0,0.0,1.0,0.0,0.0,0.0,1,Major Top,^NSEI,2023-10-17,2023-12-15
90.0,0.0,1.0,70.5622241673757,0.0,1.0,1.2624463323284918,0.8443758242236113,1.0,0.0,5.071392749481301,0.08191697747919505,60.0,2.0,1.0,0.0,0.0,1.0,0.0,0.0,0.0,1,Major Top,^NSEI,2023-10-17,2024-01-15
120.0,0.0,1.0,59.659765019536096,0.0,1.0,0.9324245374878286,1.2479044645078485,1.0,0.0,3.218177327240504,1.3129548226425325,60.0,2.0,1.0,0.0,0.0,1.0,0.0,0.0,0.0,1,Major Top,^NSEI,2023-10-17,2024-02-14
180.0,0.0,1.0,73.67241360561971,1.0,0.0,1.0474151834149488,0.9213471950419337,1.0,0.0,3.5933513230302383,1.1381245667255828,80.0,2.0,1.0,0.0,0.0,1.0,0.0,0.0,0.0,1,Major Top,^NSEI,2023-10-17,2024-04-12
240.0,0.0,1.0,55.26028164350024,1.0,0.0,0.6778676099039919,1.9086231051069478,1.0,0.0,9.049361878233293,0.3510865436134527,80.0,2.0,1.0,0.0,0.0,1.0,0.0,0.0,0.0,1,Major Top,^NSEI,2023-10-17,2024-06-13
270.0,0.0,1.0,86.82228241737916,1.0,0.0,1.2065549486158689,0.8128147280075989,1.0,0.0,4.766522007275988,0.3675139801584698,100.0,2.0,1.0,0.0,0.0,1.0,0.0,0.0,0.0,1,Major Top,^NSEI,2023-10-17,2024-07-12
360.0,0.0,1.0,30.726954488164893,0.0,1.0,0.6692525355292023,1.0738793975384802,0.0,0.0,1.0811476035731096,5.259920123276284,80.0,2.0,0.0,1.0,0.0,1.0,0.0,0.0,0.0,1,Major Top,^NSEI,2023-10-17,2024-10-11
30.0,1.0,1.0,45.81448655086937,0.0,1.0,1.1303402034887724,1.1244755988628836,1.0,0.0,2.762144144889682,0.894433240871416,33.33333333333333,2.0,1.0,0.0,0.0,1.0,0.0,0.0,0.0,0,No Reaction,^NSEI,2024-02-29,2024-03-28
60.0,1.0,1.0,53.25309231635928,1.0,0.0,0.960115739979614,1.0037626389262373,1.0,0.0,3.8234098459807506,0.5842710275077563,83.33333333333334,2.0,1.0,0.0,0.0,1.0,0.0,0.0,0.0,0,No Reaction,^NSEI,2024-02-29,2024-04-29
90.0,1.0,1.0,62.16794968458323,1.0,0.0,0.8837879432856348,1.0021691053228268,1.0,0.0,3.8919187124499115,1.7886233972420702,66.66666666666666,2.0,1.0,0.0,0.0,1.0,0.0,0.0,0.0,1,Higher Low,^NSEI,2024-02-29,2024-05-29
120.0,1.0,1.0,83.79998020767283,1.0,0.0,0.852556708958093,0.8293514435455165,1.0,0.0,11.36643996828549,0.6805344026527347,66.66666666666666,2.0,1.0,0.0,0.0,1.0,0.0,0.0,0.0,1,Higher Low,^NSEI,2024-02-29,2024-06-28
180.0,1.0,1.0,77.8103204558989,1.0,0.0,0.7656437510714899,0.8122096035029414,1.0,0.0,4.493013085709147,0.24203128278921965,83.33333333333334,2.0,1.0,0.0,0.0,1.0,0.0,0.0,0.0,1,Higher Low,^NSEI,2024-02-29,2024-08-27
240.0,1.0,1.0,31.003091596697473,0.0,1.0,1.246445656173686,1.0359908423325537,0.0,1.0,0.4420878844835092,8.670303548221124,83.33333333333334,2.0,0.0,1.0,0.0,1.0,0.0,0.0,0.0,1,Higher Low,^NSEI,2024-02-29,2024-10-25
270.0,1.0,1.0,48.59457566266087,1.0,0.0,2.192515075136394,1.4579480219917476,0.0,0.0,3.9581947928870225,1.3033627158015655,100.0,2.0,0.0,1.0,0.0,1.0,0.0,0.0,0.0,1,Higher Low,^NSEI,2024-02-29,2024-11-25
360.0,1.0,1.0,29.553892050553344,0.0,1.0,0.8678867600800686,1.1270982688026647,0.0,1.0,0.3316368648728214,4.436764388744858,83.33333333333334,2.0,0.0,1.0,0.0,1.0,0.0,0.0,0.0,0,No Reaction,^NSEI,2024-02-29,2025-02-21
30.0,1.0,1.0,93.33330124255494,1.0,0.0,0.933071083252146,0.6210494097703677,1.0,0.0,4.440705412156226,0.5355481674013741,28.57142857142857,2.0,1.0,0.0,0.0,1.0,0.0,0.0,0.0,1,Higher Low,^NSEI,2024-08-05,2024-09-04
60.0,1.0,1.0,42.02286329869115,0.0,1.0,1.1906690168802503,1.0087390371638436,0.0,0.0,1.0451865024136295,5.048052016498178,71.42857142857143,2.0,0.0,1.0,0.0,1.0,0.0,0.0,0.0,1,Higher Low,^NSEI,2024-08-05,2024-10-04
90.0,1.0,1.0,27.14888774487224,0.0,1.0,0.14583450790250135,1.0961734566980768,0.0,1.0,0.9481809735863412,3.8252460436809352,71.42857142857143,2.0,0.0,1.0,0.0,1.0,0.0,0.0,0.0,0,Pullback,^NSEI,2024-08-05,2024-11-01
120.0,1.0,1.0,55.63142356286655,1.0,0.0,1.059480714018225,1.3228373508162912,0.0,0.0,4.882007841999812,0.3289394613234994,71.42857142857143,2.0,0.0,1.0,0.0,1.0,0.0,0.0,0.0,0,No Reaction,^NSEI,2024-08-05,2024-12-03
180.0,1.0,1.0,57.775339073109215,1.0,0.0,0.9841347669246664,1.0668295056511803,0.0,0.0,2.9607595064103296,1.3331352662232392,85.71428571428571,2.0,0.0,1.0,0.0,1.0,0.0,0.0,0.0,0,No Reaction,^NSEI,2024-08-05,2025-02-01
240.0,1.0,1.0,68.52723330442325,1.0,0.0,1.0314267566014337,1.1259963315656845,0.0,0.0,5.86203285523561,2.302597076567597,85.71428571428571,2.0,1.0,0.0,0.0,1.0,0.0,0.0,0.0,0,No Reaction,^NSEI,2024-08-05,2025-04-02
270.0,1.0,1.0,83.9498578152543,1.0,0.0,1.0422106448539148,1.299075265615744,1.0,0.0,10.691588230244891,0.9958276877560565,100.0,2.0,1.0,0.0,0.0,1.0,0.0,0.0,0.0,0,No Reaction,^NSEI,2024-08-05,2025-05-02
360.0,1.0,1.0,37.70860287047618,0.0,1.0,1.2795359234421475,0.8028820398476891,0.0,0.0,0.6853504681464461,3.150591871004728,71.42857142857143,2.0,0.0,1.0,0.0,1.0,0.0,0.0,0.0,0,No Reaction,^NSEI,2024-08-05,2025-07-31
30.0,1.0,1.0,39.798119596275285,0.0,1.0,1.0418814186996526,1.1407286744368998,0.0,1.0,0.672102227282438,4.411029661689634,37.5,2.0,0.0,1.0,0.0,1.0,0.0,0.0,0.0,0,Pullback,^NSEI,2024-12-20,2025-01-17
60.0,1.0,1.0,40.71939993993679,0.0,1.0,0.7387011347094828,1.2180213186061504,0.0,1.0,0.9581550688568619,3.7567605158804134,75.0,2.0,0.0,1.0,0.0,1.0,0.0,0.0,0.0,0,No Reaction,^NSEI,2024-12-20,2025-02-18
90.0,1.0,1.0,66.50136035743704,1.0,0.0,1.0527552184710383,1.0955475088212108,0.0,0.0,5.286832238847603,0.11232469847214997,62.5,2.0,1.0,0.0,0.0,1.0,0.0,0.0,0.0,0,Pullback,^NSEI,2024-12-20,2025-03-20
120.0,1.0,1.0,52.279521674140504,1.0,0.0,1.3066301199834505,1.6812388331122499,1.0,0.0,8.83796284733638,0.08678317186024126,62.5,2.0,1.0,0.0,0.0,1.0,0.0,0.0,0.0,0,No Reaction,^NSEI,2024-12-20,2025-04-17
180.0,1.0,1.0,49.35680914843234,0.0,1.0,0.6446186820043951,0.9594418484771506,0.0,0.0,1.409195852884616,1.6538318939968215,75.0,2.0,1.0,0.0,0.0,1.0,0.0,0.0,0.0,1,Higher Low,^NSEI,2024-12-20,2025-06-18
240.0,1.0,1.0,43.74395590034809,0.0,1.0,0.8940506915492026,0.853240936742731,0.0,1.0,1.1927944198288096,2.496616903067156,75.0,2.0,0.0,1.0,0.0,1.0,0.0,0.0,0.0,1,Higher Low,^NSEI,2024-12-20,2025-08-14
270.0,1.0,1.0,70.6207885217014,1.0,0.0,0.8703848036105926,0.69934108864823,0.0,0.0,3.305983190918047,0.0883580698010179,87.5,2.0,1.0,0.0,0.0,1.0,0.0,0.0,0.0,1,Higher Low,^NSEI,2024-12-20,2025-09-16
360.0,1.0,1.0,54.75698682439834,0.0,1.0,0.7135980509656757,0.782544011832699,0.0,0.0,1.283463022376294,1.1468726723096796,62.5,2.0,1.0,0.0,0.0,1.0,0.0,0.0,0.0,1,Higher Low,^NSEI,2024-12-20,2025-12-15
30.0,1.0,1.0,51.39282185746103,0.0,1.0,0.8261126427727452,1.044743044414647,1.0,0.0,2.4965000364799232,0.4527416263734066,33.33333333333333,2.0,1.0,0.0,0.0,1.0,0.0,0.0,0.0,1,Higher Low,^NSEI,2025-05-09,2025-06-06
60.0,1.0,1.0,73.01347086795107,1.0,0.0,0.6710895636642,0.7988601837664246,1.0,0.0,4.11205798804976,0.5753731388970517,66.66666666666666,2.0,1.0,0.0,0.0,1.0,0.0,0.0,0.0,1,Higher Low,^NSEI,2025-05-09,2025-07-08
90.0,1.0,1.0,38.663713319090014,0.0,1.0,2.0658236328615693,0.8627510409420355,0.0,1.0,1.0245505739631988,2.952896354064553,55.55555555555556,2.0,0.0,1.0,0.0,1.0,0.0,0.0,0.0,0,Pullback,^NSEI,2025-05-09,2025-08-07
120.0,1.0,1.0,53.20813646375011,1.0,0.0,0.6740671821360967,0.8587983788838077,0.0,0.0,1.6308960834242756,1.6678808076674347,55.55555555555556,2.0,0.0,1.0,0.0,1.0,0.0,0.0,0.0,0,No Reaction,^NSEI,2025-05-09,2025-09-05
180.0,1.0,1.0,63.303600059305644,0.0,1.0,1.0845493485949913,0.8396134554716767,1.0,0.0,2.3015799561071164,1.9788879854008816,77.77777777777779,2.0,1.0,0.0,0.0,1.0,0.0,0.0,0.0,1,Higher Low,^NSEI,2025-05-09,2025-11-04
240.0,1.0,1.0,61.53159551597052,1.0,0.0,1.3828449859781453,0.6147314743511036,1.0,0.0,2.412972846581561,0.043485943624947315,77.77777777777779,2.0,1.0,0.0,0.0,1.0,0.0,0.0,0.0,1,Higher Low,^NSEI,2025-05-09,2026-01-02
270.0,1.0,1.0,48.69583163382209,1.0,0.0,1.468534691338111,1.4437121640223312,0.0,0.0,4.074038759215597,2.509560443548099,88.88888888888889,2.0,0.0,1.0,0.0,1.0,0.0,0.0,0.0,1,Higher Low,^NSEI,2025-05-09,2026-02-03
360.0,1.0,1.0,51.39341917931076,1.0,0.0,0.8758986791506437,1.2801674535113508,0.0,0.0,8.029876228856525,2.0000515018039398,66.66666666666666,2.0,1.0,0.0,0.0,1.0,0.0,0.0,0.0,0,Pullback,^NSEI,2025-05-09,2026-05-04
30.0,1.0,1.0,46.07504954160265,0.0,1.0,1.1043758287554462,0.6210195050969732,0.0,0.0,0.9004368620776687,3.221495395068416,40.0,2.0,0.0,1.0,0.0,1.0,0.0,0.0,0.0,0,Pullback,^NSEI,2025-08-29,2025-09-26
60.0,1.0,1.0,77.89224330797778,1.0,0.0,1.311823673902941,0.8110959695504523,1.0,0.0,5.199296892449576,0.6477433280916046,70.0,2.0,1.0,0.0,0.0,1.0,0.0,0.0,0.0,1,Higher Low,^NSEI,2025-08-29,2025-10-28
90.0,1.0,1.0,73.40999608046428,1.0,0.0,0.8167357759499694,0.7735592928534379,1.0,0.0,3.4220206547849035,0.3619929189810258,50.0,2.0,1.0,0.0,0.0,1.0,0.0,0.0,0.0,1,Higher Low,^NSEI,2025-08-29,2025-11-27
120.0,1.0,1.0,45.01301411145917,1.0,0.0,0.6057766039021897,0.7005766909575751,1.0,0.0,1.3403223631504573,1.0886134922614634,50.0,2.0,1.0,0.0,0.0,1.0,0.0,0.0,0.0,1,Higher Low,^NSEI,2025-08-29,2025-12-26
180.0,1.0,1.0,46.2048179400199,0.0,1.0,1.0299767496798418,0.9900061623172765,0.0,1.0,3.151573077111743,3.369760497400177,80.0,2.0,0.0,1.0,0.0,1.0,0.0,0.0,0.0,1,Higher Low,^NSEI,2025-08-29,2026-02-25
240.0,1.0,1.0,67.06464470867546,1.0,0.0,0.8766071464277859,1.5714869483743479,0.0,0.0,7.1780152422205425,2.944813354310116,80.0,2.0,0.0,1.0,0.0,1.0,0.0,0.0,0.0,0,Pullback,^NSEI,2025-08-29,2026-04-24
270.0,1.0,1.0,38.939672257439234,1.0,0.0,0.9379874016128837,1.1970429662335142,1.0,0.0,2.722909707710359,2.3768819095095695,90.0,2.0,1.0,0.0,0.0,1.0,0.0,0.0,0.0,0,No Reaction,^NSEI,2025-08-29,2026-05-26
30.0,1.0,1.0,59.87524276769957,1.0,0.0,0.7009003473781222,1.2352734437740487,0.0,1.0,3.48770439213961,3.010995624969448,36.36363636363637,2.0,0.0,1.0,0.0,1.0,0.0,0.0,0.0,0,No Reaction,^NSEI,2026-01-21,2026-02-20
60.0,1.0,1.0,27.466347012861632,0.0,1.0,1.4175500085484698,2.014381095431748,0.0,1.0,0.7966877528174956,11.494729363602934,72.72727272727273,2.0,0.0,1.0,0.0,1.0,0.0,0.0,0.0,1,Major Bottom,^NSEI,2026-01-21,2026-03-20
90.0,1.0,1.0,73.98373897037652,1.0,0.0,0.8173136906761361,1.7856116830790958,0.0,0.0,9.741171952900128,0.1021280802630869,54.54545454545454,2.0,1.0,0.0,0.0,1.0,0.0,0.0,0.0,0,No Reaction,^NSEI,2026-01-21,2026-04-21
120.0,1.0,1.0,40.966391311597235,0.0,1.0,0.8162308512758002,1.2608936597348652,0.0,0.0,1.6578035250989869,3.497826723449341,54.54545454545454,2.0,0.0,1.0,0.0,1.0,0.0,0.0,0.0,1,Major Bottom,^NSEI,2026-01-21,2026-05-21
30.0,1.0,1.0,42.799111113105695,0.0,1.0,0.7177033492822966,1.3274546576508417,0.0,0.0,1.2743688915990135,4.954732972156105,50.0,2.0,1.0,0.0,0.0,1.0,0.0,0.0,0.0,0,No Reaction,^BSESN,2021-10-01,2021-10-29
60.0,1.0,1.0,24.397278087535852,0.0,1.0,1.0,1.6545608059295847,0.0,1.0,1.1950283829252166,6.959951759945353,50.0,2.0,0.0,1.0,0.0,1.0,0.0,0.0,0.0,0,Pullback,^BSESN,2021-10-01,2021-11-30
90.0,1.0,1.0,41.37303616205687,1.0,0.0,0.9694555112881806,1.376047093264521,0.0,0.0,4.605367120174141,2.438043692928844,50.0,2.0,0.0,1.0,0.0,1.0,0.0,0.0,0.0,0,Pullback,^BSESN,2021-10-01,2021-12-30
120.0,1.0,1.0,30.216798793395753,0.0,1.0,1.4882655981682884,1.5656755683378172,0.0,0.0,1.3821649948279957,7.4736027000546805,50.0,2.0,0.0,1.0,0.0,1.0,0.0,0.0,0.0,0,Pullback,^BSESN,2021-10-01,2022-01-28
180.0,1.0,1.0,75.7043936893728,1.0,0.0,0.5296343001261034,1.6248038841743033,0.0,0.0,10.945350097826008,0.07462507241347842,50.0,2.0,1.0,0.0,0.0,1.0,0.0,0.0,0.0,0,Pullback,^BSESN,2021-10-01,2022-03-30
240.0,1.0,1.0,52.59559502438093,1.0,0.0,0.7250129466597618,1.8123589148920465,0.0,0.0,4.103477512821098,5.631483011283677,50.0,2.0,0.0,1.0,0.0,1.0,0.0,0.0,0.0,1,Major Bottom,^BSESN,2021-10-01,2022-05-27
270.0,1.0,1.0,38.752009804876,1.0,0.0,0.9098428453267163,1.7050367153798127,0.0,1.0,4.242833196960619,6.121390300913943,50.0,2.0,0.0,1.0,0.0,1.0,0.0,0.0,0.0,1,Major Bottom,^BSESN,2021-10-01,2022-06-28
360.0,1.0,1.0,35.11917342119652,0.0,1.0,1.1768573307034846,1.3834540549066372,0.0,0.0,0.18720808335343017,6.178823742362523,50.0,2.0,0.0,1.0,0.0,1.0,0.0,0.0,0.0,0,No Reaction,^BSESN,2021-10-01,2022-09-26
30.0,1.0,1.0,58.42140599761219,1.0,0.0,0.8050436469447139,1.3609589182043713,1.0,0.0,6.863949168881489,3.0662385039794025,0.0,2.0,1.0,0.0,0.0,1.0,0.0,0.0,0.0,1,Higher Low,^BSESN,2022-03-08,2022-04-07
60.0,1.0,1.0,31.411791722730285,0.0,1.0,0.7770762506070908,1.8698833187965045,0.0,0.0,0.453771316922721,9.31145865893978,0.0,2.0,0.0,1.0,0.0,1.0,0.0,0.0,0.0,1,Higher Low,^BSESN,2022-03-08,2022-05-06
90.0,1.0,1.0,59.77798721318047,1.0,0.0,0.6272793581327498,1.5317062592273318,0.0,0.0,5.465329748748358,1.3602582270729529,0.0,2.0,0.0,1.0,0.0,1.0,0.0,0.0,0.0,1,Higher Low,^BSESN,2022-03-08,2022-06-06
120.0,1.0,1.0,74.0687686250444,1.0,0.0,2.200743494423792,1.3854126341742843,0.0,0.0,5.264556278346146,3.0062176204963746,0.0,2.0,0.0,1.0,0.0,1.0,0.0,0.0,0.0,0,No Reaction,^BSESN,2022-03-08,2022-07-06
180.0,1.0,1.0,45.86754829540256,0.0,1.0,1.0023419203747073,1.3545616704836807,0.0,0.0,2.4417995048643344,2.7343198846366317,0.0,2.0,1.0,0.0,0.0,1.0,0.0,0.0,0.0,1,Higher Low,^BSESN,2022-03-08,2022-09-02
240.0,1.0,1.0,87.93517075984985,1.0,0.0,1.5165301789505612,1.004142430528549,1.0,0.0,6.223266147733153,0.7451463873948327,100.0,2.0,1.0,0.0,0.0,1.0,0.0,0.0,0.0,1,Higher Low,^BSESN,2022-03-08,2022-11-03
270.0,1.0,1.0,66.60245705982543,1.0,0.0,0.5936920222634509,0.8481923614085637,1.0,0.0,3.885938506565291,1.1366110413004922,100.0,2.0,1.0,0.0,0.0,1.0,0.0,0.0,0.0,1,Higher Low,^BSESN,2022-03-08,2022-12-02
360.0,1.0,1.0,43.88786373640864,0.0,1.0,1.2424037812288995,1.0526912732345968,0.0,1.0,1.6937259096278932,3.1321075904690296,0.0,2.0,0.0,1.0,0.0,1.0,0.0,0.0,0.0,1,Higher Low,^BSESN,2022-03-08,2023-03-03
30.0,1.0,1.0,82.77123890831629,1.0,0.0,0.9472981987991995,1.112745401291309,1.0,0.0,10.260468864715271,0.12662857911645362,50.0,2.0,1.0,0.0,0.0,1.0,0.0,0.0,0.0,1,Higher Low,^BSESN,2022-07-14,2022-08-12
60.0,1.0,1.0,61.847978512551826,0.0,1.0,1.2274678111587982,1.2765613964076055,1.0,0.0,4.570663335905005,0.4925054938528435,50.0,2.0,1.0,0.0,0.0,1.0,0.0,0.0,0.0,1,Higher Low,^BSESN,2022-07-14,2022-09-12
90.0,1.0,1.0,38.09353488416991,0.0,1.0,0.46597179644389947,1.5090625844333436,0.0,1.0,2.5659979746794943,5.293124098568671,50.0,2.0,0.0,1.0,0.0,1.0,0.0,0.0,0.0,1,Higher Low,^BSESN,2022-07-14,2022-10-12
120.0,1.0,1.0,76.55707473094267,1.0,0.0,0.9290322580645162,0.9584838668224839,1.0,0.0,7.669368179712039,0.0743258491244683,0.0,2.0,1.0,0.0,0.0,1.0,0.0,0.0,0.0,1,Higher Low,^BSESN,2022-07-14,2022-11-11
180.0,1.0,1.0,42.27974539794879,0.0,1.0,1.0493827160493827,1.233055062799936,0.0,1.0,0.7411906367971591,4.524007601775307,50.0,2.0,0.0,1.0,0.0,1.0,0.0,0.0,0.0,1,Higher Low,^BSESN,2022-07-14,2023-01-10
240.0,1.0,1.0,33.45297719382653,0.0,1.0,0.9574468085106383,1.1393222417886335,0.0,1.0,0.573534145478381,4.3072893233869225,100.0,2.0,0.0,1.0,0.0,1.0,0.0,0.0,0.0,1,Higher Low,^BSESN,2022-07-14,2023-03-10
270.0,1.0,1.0,75.1966107125692,1.0,0.0,1.7543859649122806,0.9840696553457264,0.0,0.0,4.614473731532103,1.0369495350312488,100.0,2.0,1.0,0.0,0.0,1.0,0.0,0.0,0.0,1,Higher Low,^BSESN,2022-07-14,2023-04-10
360.0,1.0,1.0,71.01326666949532,1.0,0.0,1.4415322580645162,0.7782262254208565,1.0,0.0,4.114112218346384,0.9474924746264539,50.0,2.0,1.0,0.0,0.0,1.0,0.0,0.0,0.0,1,Higher Low,^BSESN,2022-07-14,2023-07-07
30.0,0.0,1.0,39.129567384455335,0.0,1.0,1.0069225928256764,1.1675650391492065,0.0,0.0,1.78603473502701,3.449811235520197,66.66666666666666,2.0,0.0,1.0,0.0,1.0,0.0,0.0,0.0,0,No Reaction,^BSESN,2022-12-01,2022-12-30
60.0,0.0,1.0,37.043107647345344,0.0,1.0,1.3256484149855907,1.1285162865820957,0.0,1.0,1.3465637218230835,3.0983833160288747,66.66666666666666,2.0,0.0,1.0,0.0,1.0,0.0,0.0,0.0,1,Lower High,^BSESN,2022-12-01,2023-01-30
90.0,0.0,1.0,32.85393323155803,0.0,1.0,0.7702349869451697,0.9617755572055973,0.0,1.0,1.0353445761509652,3.822808719649035,66.66666666666666,2.0,0.0,1.0,0.0,1.0,0.0,0.0,0.0,1,Lower High,^BSESN,2022-12-01,2023-03-01
120.0,0.0,1.0,48.61701503362289,1.0,0.0,1.0220125786163523,1.2520777639393406,0.0,0.0,3.2320058716066775,2.5545382615575902,33.33333333333333,2.0,0.0,1.0,0.0,1.0,0.0,0.0,0.0,1,Lower High,^BSESN,2022-12-01,2023-03-31
180.0,0.0,1.0,65.38356413994168,1.0,0.0,1.1048158640226629,0.8018952101484607,1.0,0.0,3.123684677579794,0.10638893798219701,66.66666666666666,2.0,1.0,0.0,0.0,1.0,0.0,0.0,0.0,0,Pullback,^BSESN,2022-12-01,2023-05-30
240.0,0.0,1.0,58.51754360213844,0.0,1.0,1.2557427258805514,0.9130890383734747,1.0,0.0,2.0012679922527066,2.205205971395663,100.0,2.0,1.0,0.0,0.0,1.0,0.0,0.0,0.0,1,Major Top,^BSESN,2022-12-01,2023-07-28
270.0,0.0,1.0,33.378975109173865,0.0,1.0,1.982840800762631,0.7488316482206188,0.0,0.0,0.40622316190810454,2.556311537922956,100.0,2.0,0.0,1.0,0.0,1.0,0.0,0.0,0.0,0,No Reaction,^BSESN,2022-12-01,2023-08-28
360.0,0.0,1.0,79.89246905359391,1.0,0.0,1.2026726057906458,0.6460509374563044,0.0,0.0,3.905815435866068,0.5886431636520603,66.66666666666666,2.0,1.0,0.0,0.0,1.0,0.0,0.0,0.0,0,No Reaction,^BSESN,2022-12-01,2023-11-24
30.0,1.0,1.0,76.52064260469537,1.0,0.0,1.2244897959183674,0.9101367356013764,0.0,0.0,4.168175746688861,1.542963418064119,50.0,2.0,1.0,0.0,0.0,1.0,0.0,0.0,0.0,1,Higher Low,^BSESN,2023-03-20,2023-04-19
60.0,1.0,1.0,57.28712507828403,0.0,1.0,0.9457364341085271,0.8795883578880868,1.0,0.0,3.7532530631600807,1.3494192610700966,75.0,2.0,1.0,0.0,0.0,1.0,0.0,0.0,0.0,1,Higher Low,^BSESN,2023-03-20,2023-05-19
90.0,1.0,1.0,58.21475375235361,0.0,1.0,0.5962059620596206,0.6308579173244844,1.0,0.0,2.9974451592991493,0.21421811742949104,75.0,2.0,1.0,0.0,0.0,1.0,0.0,0.0,0.0,1,Higher Low,^BSESN,2023-03-20,2023-06-16
120.0,1.0,1.0,84.45675518931355,1.0,0.0,0.8613445378151261,0.8422645593838811,1.0,0.0,5.978324817322743,0.31721291476807933,50.0,2.0,1.0,0.0,0.0,1.0,0.0,0.0,0.0,1,Higher Low,^BSESN,2023-03-20,2023-07-18
180.0,1.0,1.0,92.37144021897385,1.0,0.0,0.4252657911194497,0.6994786324526189,0.0,0.0,4.591784617563854,0.13059483413362016,50.0,2.0,1.0,0.0,0.0,1.0,0.0,0.0,0.0,1,Higher Low,^BSESN,2023-03-20,2023-09-15
240.0,1.0,1.0,66.97933594199094,1.0,0.0,0.7936507936507936,0.8329148230931597,0.0,0.0,3.9328704306740994,1.3458364871357573,100.0,2.0,1.0,0.0,0.0,1.0,0.0,0.0,0.0,1,Higher Low,^BSESN,2023-03-20,2023-11-15
270.0,1.0,1.0,92.2002829476786,1.0,0.0,1.9984076433121019,0.8846759628187225,1.0,0.0,8.303919597111232,0.1706790879045937,75.0,2.0,1.0,0.0,0.0,1.0,0.0,0.0,0.0,1,Higher Low,^BSESN,2023-03-20,2023-12-15
360.0,1.0,1.0,49.46449233489028,0.0,1.0,0.2968239833778569,0.9811464858687887,0.0,0.0,1.9875482715029158,1.5703602177406566,50.0,2.0,1.0,0.0,0.0,1.0,0.0,0.0,0.0,1,Higher Low,^BSESN,2023-03-20,2024-03-14
30.0,0.0,1.0,53.25505826015184,1.0,0.0,1.528807758128922,0.8183893347723346,1.0,0.0,2.118157170200435,2.4810143948904497,60.0,2.0,1.0,0.0,0.0,1.0,0.0,0.0,0.0,0,No Reaction,^BSESN,2023-09-15,2023-10-13
60.0,0.0,1.0,53.959227687848625,1.0,0.0,0.8187134502923976,0.8491588931689319,0.0,0.0,2.8350236848534185,2.5040078334502693,80.0,2.0,0.0,1.0,0.0,1.0,0.0,0.0,0.0,0,No Reaction,^BSESN,2023-09-15,2023-11-13
90.0,0.0,1.0,90.06752899569764,1.0,0.0,1.0265039966344132,0.8072976242786448,1.0,0.0,7.100957497702701,0.12577253385787304,80.0,2.0,1.0,0.0,0.0,1.0,0.0,0.0,0.0,1,Major Top,^BSESN,2023-09-15,2023-12-14
120.0,0.0,1.0,66.5284926958328,0.0,1.0,1.7251585623678647,0.8404718365206102,1.0,0.0,3.6490546318228416,0.21015717702746609,60.0,2.0,1.0,0.0,0.0,1.0,0.0,0.0,0.0,1,Major Top,^BSESN,2023-09-15,2024-01-12
180.0,0.0,1.0,51.17791362231976,0.0,1.0,13.40252038547072,1.015896947623957,0.0,0.0,2.6827874567752135,2.0385413810156887,60.0,2.0,1.0,0.0,0.0,1.0,0.0,0.0,0.0,1,Major Top,^BSESN,2023-09-15,2024-03-13
240.0,0.0,1.0,46.22925024256123,0.0,1.0,0.995475113122172,1.073519886321922,0.0,0.0,1.167018526506464,3.3674255342298913,100.0,2.0,0.0,1.0,0.0,1.0,0.0,0.0,0.0,1,Major Top,^BSESN,2023-09-15,2024-05-10
270.0,0.0,1.0,57.68043993137345,1.0,0.0,0.48905109489051096,1.9650622257248322,1.0,0.0,8.138165405125703,0.8141159342453704,80.0,2.0,1.0,0.0,0.0,1.0,0.0,0.0,0.0,1,Major Top,^BSESN,2023-09-15,2024-06-11
360.0,0.0,1.0,60.78349725778187,0.0,1.0,0.8739495798319328,0.6570743461718719,1.0,0.0,3.2738736396656547,1.4293143400512336,60.0,2.0,1.0,0.0,0.0,1.0,0.0,0.0,0.0,1,Major Top,^BSESN,2023-09-15,2024-09-09
30.0,0.0,1.0,72.8123541413845,1.0,0.0,1.7699871740059854,1.0061764637556228,1.0,0.0,3.980600472169591,0.10015461779635473,50.0,2.0,1.0,0.0,0.0,1.0,0.0,0.0,0.0,0,Pullback,^BSESN,2024-02-02,2024-03-01
60.0,0.0,1.0,53.62256283519391,1.0,0.0,0.1686746987951807,1.0543236798509164,1.0,0.0,3.016734145903147,0.4745499328731355,66.66666666666666,2.0,1.0,0.0,0.0,1.0,0.0,0.0,0.0,0,Pullback,^BSESN,2024-02-02,2024-04-02
90.0,0.0,1.0,49.45181493385438,1.0,0.0,1.5014279885760915,1.0542125916773752,1.0,0.0,3.7456197353318075,0.6877955297793077,83.33333333333334,2.0,1.0,0.0,0.0,1.0,0.0,0.0,0.0,0,Pullback,^BSESN,2024-02-02,2024-05-02
120.0,0.0,1.0,64.10571040108769,1.0,0.0,1.8514946962391514,0.9771231146785597,1.0,0.0,2.8329739111917465,2.769511678825332,66.66666666666666,2.0,1.0,0.0,0.0,1.0,0.0,0.0,0.0,0,No Reaction,^BSESN,2024-02-02,2024-05-31
180.0,0.0,1.0,70.27984531146157,0.0,1.0,0.597144093466032,1.0020488189525965,1.0,0.0,3.0792538047797873,0.20440811202103587,66.66666666666666,2.0,1.0,0.0,0.0,1.0,0.0,0.0,0.0,1,Major Top,^BSESN,2024-02-02,2024-07-31
240.0,0.0,1.0,84.75274056029232,1.0,0.0,0.9616368286445013,0.8187746463429809,1.0,0.0,5.465354087943456,0.47492070123453456,100.0,2.0,1.0,0.0,0.0,1.0,0.0,0.0,0.0,1,Major Top,^BSESN,2024-02-02,2024-09-27
270.0,0.0,1.0,38.88552373330887,0.0,1.0,1.0267379679144386,1.0209156278712765,0.0,1.0,1.5317525523862774,5.32464697028434,83.33333333333334,2.0,0.0,1.0,0.0,1.0,0.0,0.0,0.0,1,Major Top,^BSESN,2024-02-02,2024-10-29
360.0,0.0,1.0,28.31103922980671,0.0,1.0,0.8355321020228672,1.070798093060236,0.0,1.0,0.1307989016126474,6.245269190939652,66.66666666666666,2.0,0.0,1.0,0.0,1.0,0.0,0.0,0.0,1,Major Top,^BSESN,2024-02-02,2025-01-27
30.0,1.0,1.0,45.165428626554665,1.0,0.0,0.5050065302568568,1.1464053806379564,1.0,0.0,3.4018750033735565,1.3278992729311232,42.857142857142854,2.0,1.0,0.0,0.0,1.0,0.0,0.0,0.0,0,No Reaction,^BSESN,2024-07-23,2024-08-22
60.0,1.0,1.0,66.70718296000463,1.0,0.0,3.030623020063358,0.8962445254036793,1.0,0.0,4.316393991612387,0.17759732507139378,57.14285714285714,2.0,1.0,0.0,0.0,1.0,0.0,0.0,0.0,1,Higher Low,^BSESN,2024-07-23,2024-09-20
90.0,1.0,1.0,24.716460534091865,0.0,1.0,0.7642031171442936,1.1622570342719047,0.0,0.0,0.9143706636612199,5.948121770655362,71.42857142857143,2.0,0.0,1.0,0.0,1.0,0.0,0.0,0.0,0,Pullback,^BSESN,2024-07-23,2024-10-21
120.0,1.0,1.0,30.487555731814297,0.0,1.0,0.7938257993384785,1.2764754011535366,0.0,1.0,0.7905814613103501,5.060506848265257,57.14285714285714,2.0,0.0,1.0,0.0,1.0,0.0,0.0,0.0,0,No Reaction,^BSESN,2024-07-23,2024-11-19
180.0,1.0,1.0,38.58112289887776,0.0,1.0,1.0407725321888412,1.1404938532650066,0.0,1.0,0.4823970452951554,4.507562448036019,71.42857142857143,2.0,0.0,1.0,0.0,1.0,0.0,0.0,0.0,0,No Reaction,^BSESN,2024-07-23,2025-01-17
240.0,1.0,1.0,64.45635976756444,1.0,0.0,0.9816612729234089,1.047579120435627,0.0,0.0,4.865249118142324,0.14170300654322432,100.0,2.0,1.0,0.0,0.0,1.0,0.0,0.0,0.0,1,Major Bottom,^BSESN,2024-07-23,2025-03-20
270.0,1.0,1.0,52.08142462761278,1.0,0.0,0.8869356771873752,1.6747791071423244,1.0,0.0,9.074353468638394,0.23994486221022576,85.71428571428571,2.0,1.0,0.0,0.0,1.0,0.0,0.0,0.0,0,Pullback,^BSESN,2024-07-23,2025-04-17
360.0,1.0,1.0,25.274383108198478,0.0,1.0,0.5382619974059663,0.65239642665381,0.0,0.0,0.3436601796714741,2.8643221698560795,71.42857142857143,2.0,0.0,1.0,0.0,1.0,0.0,0.0,0.0,0,No Reaction,^BSESN,2024-07-23,2025-07-18
30.0,0.0,1.0,31.743436369321927,0.0,1.0,1.49519890260631,1.1873909840915207,0.0,0.0,2.0982770376146953,3.7751768689651986,37.5,2.0,0.0,1.0,0.0,1.0,0.0,0.0,0.0,1,Lower High,^BSESN,2024-12-05,2025-01-03
60.0,0.0,1.0,54.95012168462856,1.0,0.0,0.9094535301156761,1.0498527017059638,0.0,0.0,2.4863705645693077,1.640178046282438,62.5,2.0,0.0,1.0,0.0,1.0,0.0,0.0,0.0,1,Lower High,^BSESN,2024-12-05,2025-02-03
90.0,0.0,1.0,21.962211728471516,0.0,1.0,1.0928319623971798,1.0096865710802032,0.0,1.0,1.4874327004411882,6.7885044178688165,62.5,2.0,0.0,1.0,0.0,1.0,0.0,0.0,0.0,1,Lower High,^BSESN,2024-12-05,2025-03-05
120.0,0.0,1.0,58.86453823953824,1.0,0.0,1.0965323336457358,1.1970135987569965,0.0,1.0,2.586102161572686,4.4808783954687,50.0,2.0,0.0,1.0,0.0,1.0,0.0,0.0,0.0,1,Lower High,^BSESN,2024-12-05,2025-04-04
180.0,0.0,1.0,45.70507474576482,0.0,1.0,2.4464831804281344,1.098465766355081,0.0,0.0,2.191254239118455,2.453175563828034,62.5,2.0,1.0,0.0,0.0,1.0,0.0,0.0,0.0,0,Pullback,^BSESN,2024-12-05,2025-06-03
240.0,0.0,1.0,35.13564761817811,0.0,1.0,1.3213483146067415,0.8446946582876098,0.0,0.0,0.12944920453924227,3.985620330668809,100.0,2.0,0.0,1.0,0.0,1.0,0.0,0.0,0.0,0,Pullback,^BSESN,2024-12-05,2025-08-01
270.0,0.0,1.0,54.03175274137803,0.0,1.0,0.47468354430379744,0.8009788271447673,0.0,1.0,0.7748874634174083,2.322766730292792,75.0,2.0,0.0,1.0,0.0,1.0,0.0,0.0,0.0,0,No Reaction,^BSESN,2024-12-05,2025-09-01
360.0,0.0,1.0,72.40347519914361,1.0,0.0,0.5115907274180655,0.757174680282147,1.0,0.0,3.5419865030198388,0.4074216071641155,62.5,2.0,1.0,0.0,0.0,1.0,0.0,0.0,0.0,0,No Reaction,^BSESN,2024-12-05,2025-11-28
30.0,1.0,1.0,82.23105949341347,1.0,0.0,0.6888454011741683,1.0748949579425409,1.0,0.0,11.544452042786535,0.5339512372203691,44.44444444444444,2.0,1.0,0.0,0.0,1.0,0.0,0.0,0.0,1,Higher Low,^BSESN,2025-04-07,2025-05-07
60.0,1.0,1.0,50.96924028159104,0.0,1.0,0.9426073736221969,1.050386279651604,1.0,0.0,2.067272352754812,0.6438191093678812,66.66666666666666,2.0,1.0,0.0,0.0,1.0,0.0,0.0,0.0,1,Higher Low,^BSESN,2025-04-07,2025-06-06
90.0,1.0,1.0,65.30070009742646,1.0,0.0,0.5464141570940702,0.8383294850290687,1.0,0.0,3.6895483926546504,0.7990141777495199,66.66666666666666,2.0,1.0,0.0,0.0,1.0,0.0,0.0,0.0,1,Higher Low,^BSESN,2025-04-07,2025-07-04
120.0,1.0,1.0,33.71621773503624,0.0,1.0,0.9828674481514879,0.8517979825982449,0.0,1.0,0.26598813347747036,3.8051045251377613,55.55555555555556,2.0,0.0,1.0,0.0,1.0,0.0,0.0,0.0,1,Higher Low,^BSESN,2025-04-07,2025-08-05
180.0,1.0,1.0,43.07053027316162,0.0,1.0,1.1877729257641922,0.7156711973424014,0.0,0.0,1.2896317077905874,2.381611153109745,55.55555555555556,2.0,1.0,0.0,0.0,1.0,0.0,0.0,0.0,1,Higher Low,^BSESN,2025-04-07,2025-10-03
240.0,1.0,1.0,56.97548922643402,0.0,1.0,1.3498836307214894,0.7209506583271462,1.0,0.0,2.862120320861506,1.2363416119009274,88.88888888888889,2.0,1.0,0.0,0.0,1.0,0.0,0.0,0.0,1,Higher Low,^BSESN,2025-04-07,2025-12-03
270.0,1.0,1.0,56.31382221876316,1.0,0.0,1.4314274290283886,0.6110452124708329,1.0,0.0,1.8794106546851084,0.058610597258747565,66.66666666666666,2.0,1.0,0.0,0.0,1.0,0.0,0.0,0.0,1,Higher Low,^BSESN,2025-04-07,2026-01-02
360.0,1.0,1.0,39.17756219192697,0.0,1.0,1.4363438520130576,2.270474275749344,0.0,1.0,2.4191834928057854,9.525810711715476,55.55555555555556,2.0,0.0,1.0,0.0,1.0,0.0,0.0,0.0,0,No Reaction,^BSESN,2025-04-07,2026-04-02
30.0,1.0,1.0,45.70334500622951,1.0,0.0,1.0727272727272728,0.779420099800522,0.0,0.0,2.067408727282985,0.9898949562476811,50.0,2.0,0.0,1.0,0.0,1.0,0.0,0.0,0.0,0,No Reaction,^BSESN,2025-08-11,2025-09-10
60.0,1.0,1.0,48.71982186606778,1.0,0.0,1.073247160203682,0.767770369166378,1.0,0.0,2.8374528472964995,0.7762233424762349,70.0,2.0,1.0,0.0,0.0,1.0,0.0,0.0,0.0,0,No Reaction,^BSESN,2025-08-11,2025-10-10
90.0,1.0,1.0,47.130616860301274,0.0,1.0,1.1563636363636363,0.8258318590750533,0.0,0.0,1.860935791936749,2.4920378787053767,70.0,2.0,1.0,0.0,0.0,1.0,0.0,0.0,0.0,1,Higher Low,^BSESN,2025-08-11,2025-11-07
120.0,1.0,1.0,44.681619221061375,0.0,1.0,0.7065669160432253,0.7697724685578837,0.0,0.0,0.7523194925961154,1.763089349693152,60.0,2.0,1.0,0.0,0.0,1.0,0.0,0.0,0.0,1,Higher Low,^BSESN,2025-08-11,2025-12-09
180.0,1.0,1.0,50.06542518228494,1.0,0.0,0.8552456839309429,1.4282821967946628,0.0,0.0,3.820451322552359,2.7414659032924042,60.0,2.0,0.0,1.0,0.0,1.0,0.0,0.0,0.0,1,Higher Low,^BSESN,2025-08-11,2026-02-06
240.0,1.0,1.0,55.926902598535214,1.0,0.0,1.220159151193634,2.2819850830454325,0.0,0.0,7.7576857733708255,1.2420262546999405,90.0,2.0,0.0,1.0,0.0,1.0,0.0,0.0,0.0,1,Major Bottom,^BSESN,2025-08-11,2026-04-08
270.0,1.0,1.0,42.54503763840147,1.0,0.0,0.610969682943763,1.1895835144664608,0.0,0.0,1.8878849158335698,2.6366719444963067,70.0,2.0,1.0,0.0,0.0,1.0,0.0,0.0,0.0,0,No Reaction,^BSESN,2025-08-11,2026-05-08
30.0,1.0,1.0,30.770157298634032,0.0,1.0,1.2543368027755537,1.1377677575797553,0.0,1.0,1.789800723754896,4.017535136270586,45.45454545454545,2.0,0.0,1.0,0.0,1.0,0.0,0.0,0.0,0,No Reaction,^BSESN,2025-12-30,2026-01-29
60.0,1.0,1.0,30.44152518884485,0.0,1.0,0.5818449640950101,1.067842987248144,0.0,1.0,1.107108669493578,5.639928263602428,63.63636363636363,2.0,0.0,1.0,0.0,1.0,0.0,0.0,0.0,1,Major Bottom,^BSESN,2025-12-30,2026-02-27
90.0,1.0,1.0,33.45933866977738,0.0,1.0,1.176210479770064,2.1634079837614837,0.0,1.0,0.2410284575807506,14.314073859797599,72.72727272727273,2.0,0.0,1.0,0.0,1.0,0.0,0.0,0.0,1,Major Bottom,^BSESN,2025-12-30,2026-03-30
120.0,1.0,1.0,49.64972556283678,1.0,0.0,0.8817733990147784,1.33309329709584,0.0,0.0,7.678485703058229,2.4139440421293985,63.63636363636363,2.0,0.0,1.0,0.0,1.0,0.0,0.0,0.0,1,Major Bottom,^BSESN,2025-12-30,2026-04-29
